date,ticker,price
2025-11-03,AAPL,228.6629
2025-11-04,AAPL,231.6823
2025-11-05,AAPL,231.388
2025-11-06,AAPL,232.1936
2025-11-07,AAPL,229.1276
2025-11-10,AAPL,227.7152
2025-11-11,AAPL,230.4941
2025-11-12,AAPL,226.2378
2025-11-13,AAPL,233.4292
2025-11-14,AAPL,228.3547
2025-11-17,AAPL,228.0548
2025-11-18,AAPL,228.6461
2025-11-19,AAPL,225.1686
2025-11-20,AAPL,226.7026
2025-11-21,AAPL,227.3695
2025-11-24,AAPL,226.62
2025-11-25,AAPL,227.6009
2025-11-26,AAPL,226.9332
2025-11-27,AAPL,223.5996
2025-11-28,AAPL,223.8425
2025-12-01,AAPL,220.7827
2025-12-02,AAPL,215.5265
2025-12-03,AAPL,219.5581
2025-12-04,AAPL,213.3563
2025-12-05,AAPL,209.9102
2025-12-08,AAPL,204.8945
2025-12-09,AAPL,204.1703
2025-12-10,AAPL,199.5854
2025-12-11,AAPL,200.3614
2025-12-12,AAPL,203.2591
2025-12-15,AAPL,207.2208
2025-12-16,AAPL,205.1095
2025-12-17,AAPL,203.6992
2025-12-18,AAPL,201.8131
2025-12-19,AAPL,209.1468
2025-12-22,AAPL,208.9231
2025-12-23,AAPL,210.3151
2025-12-24,AAPL,211.5012
2025-12-25,AAPL,212.2571
2025-12-26,AAPL,208.1666
2025-12-29,AAPL,200.6058
2025-12-30,AAPL,204.2526
2025-12-31,AAPL,205.2662
2026-01-01,AAPL,204.1119
2026-01-02,AAPL,208.2415
2026-01-05,AAPL,202.7134
2026-01-06,AAPL,204.0043
2026-01-07,AAPL,206.7378
2026-01-08,AAPL,206.5116
2026-01-09,AAPL,209.9458
2026-01-12,AAPL,208.3217
2026-01-13,AAPL,211.2339
2026-01-14,AAPL,210.1182
2026-01-15,AAPL,207.8302
2026-01-16,AAPL,207.3553
2026-01-19,AAPL,206.7907
2026-01-20,AAPL,205.8866
2026-01-21,AAPL,208.5528
2026-01-22,AAPL,210.6383
2026-01-23,AAPL,210.7708
2026-01-26,AAPL,207.2571
2026-01-27,AAPL,208.5628
2026-01-28,AAPL,207.9135
2026-01-29,AAPL,210.0865
2026-01-30,AAPL,210.9538
2026-02-02,AAPL,213.3025
2026-02-03,AAPL,216.5064
2026-02-04,AAPL,219.5146
2026-02-05,AAPL,219.8961
2026-02-06,AAPL,218.7799
2026-02-09,AAPL,225.0368
2026-02-10,AAPL,226.499
2026-02-11,AAPL,220.4257
2026-02-12,AAPL,218.201
2026-02-13,AAPL,218.8563
2026-02-16,AAPL,223.9176
2026-02-17,AAPL,224.9904
2026-02-18,AAPL,229.1636
2026-02-19,AAPL,231.1284
2026-02-20,AAPL,229.8421
2026-02-23,AAPL,230.6424
2026-02-24,AAPL,226.9062
2026-02-25,AAPL,224.8448
2026-02-26,AAPL,227.9295
2026-02-27,AAPL,226.5265
2026-03-02,AAPL,223.6865
2026-03-03,AAPL,223.5441
2026-03-04,AAPL,228.2764
2026-03-05,AAPL,228.512
2026-03-06,AAPL,227.4926
2026-03-09,AAPL,226.7014
2026-03-10,AAPL,222.2716
2026-03-11,AAPL,224.7951
2026-03-12,AAPL,225.2813
2026-03-13,AAPL,228.065
2026-03-16,AAPL,220.4406
2026-03-17,AAPL,224.3839
2026-03-18,AAPL,228.8306
2026-03-19,AAPL,224.9797
2026-03-20,AAPL,224.696
2026-03-23,AAPL,225.8746
2026-03-24,AAPL,226.08
2026-03-25,AAPL,228.8905
2026-03-26,AAPL,232.6765
2026-03-27,AAPL,230.7778
2026-03-30,AAPL,229.5267
2026-03-31,AAPL,233.2205
2026-04-01,AAPL,233.6833
2026-04-02,AAPL,241.1031
2026-04-03,AAPL,244.2165
2026-04-06,AAPL,245.5115
2026-04-07,AAPL,248.1157
2026-04-08,AAPL,250.2278
2026-04-09,AAPL,247.6192
2026-04-10,AAPL,249.7172
2026-04-13,AAPL,250.6281
2026-04-14,AAPL,257.1581
2026-04-15,AAPL,255.7656
2026-04-16,AAPL,260.706
2026-04-17,AAPL,269.1928
2026-04-20,AAPL,266.8819
2026-04-21,AAPL,267.3576
2026-04-22,AAPL,265.3407
2026-04-23,AAPL,262.2081
2026-04-24,AAPL,263.4408
2026-04-27,AAPL,261.4758
2026-04-28,AAPL,263.2189
2026-04-29,AAPL,267.5399
2026-04-30,AAPL,270.4988
2026-05-01,AAPL,275.5331
2026-05-04,AAPL,273.2622
2026-05-05,AAPL,275.8711
2026-05-06,AAPL,268.2001
2026-05-07,AAPL,267.0028
2026-05-08,AAPL,273.6042
2026-05-11,AAPL,268.355
2026-05-12,AAPL,267.9889
2026-05-13,AAPL,258.4982
2026-05-14,AAPL,259.6262
2026-05-15,AAPL,255.3473
2026-05-18,AAPL,254.8042
2026-05-19,AAPL,257.7285
2026-05-20,AAPL,260.974
2026-05-21,AAPL,260.3199
2026-05-22,AAPL,261.0046
2026-05-25,AAPL,265.063
2026-05-26,AAPL,263.938
2026-05-27,AAPL,266.1711
2026-05-28,AAPL,268.052
2026-05-29,AAPL,265.7405
2026-06-01,AAPL,267.1099
2026-06-02,AAPL,279.2954
2026-06-03,AAPL,280.0413
2026-06-04,AAPL,285.9339
2026-06-05,AAPL,287.6372
2026-06-08,AAPL,286.215
2026-06-09,AAPL,289.4282
2026-06-10,AAPL,292.1648
2026-06-11,AAPL,294.5209
2026-06-12,AAPL,301.3366
2026-06-15,AAPL,299.7737
2026-06-16,AAPL,305.9145
2026-06-17,AAPL,310.4871
2026-06-18,AAPL,302.8558
2026-06-19,AAPL,302.8713
2025-11-03,MSFT,411.3924
2025-11-04,MSFT,413.4636
2025-11-05,MSFT,418.9603
2025-11-06,MSFT,414.2934
2025-11-07,MSFT,424.3307
2025-11-10,MSFT,421.0325
2025-11-11,MSFT,424.5563
2025-11-12,MSFT,430.8185
2025-11-13,MSFT,430.3732
2025-11-14,MSFT,433.4707
2025-11-17,MSFT,446.3346
2025-11-18,MSFT,451.1291
2025-11-19,MSFT,449.154
2025-11-20,MSFT,452.0561
2025-11-21,MSFT,454.6352
2025-11-24,MSFT,454.3724
2025-11-25,MSFT,460.2851
2025-11-26,MSFT,450.9357
2025-11-27,MSFT,442.3149
2025-11-28,MSFT,443.4789
2025-12-01,MSFT,428.7456
2025-12-02,MSFT,421.6503
2025-12-03,MSFT,419.4872
2025-12-04,MSFT,413.7127
2025-12-05,MSFT,419.7589
2025-12-08,MSFT,415.7871
2025-12-09,MSFT,428.6582
2025-12-10,MSFT,428.8078
2025-12-11,MSFT,437.1515
2025-12-12,MSFT,445.5463
2025-12-15,MSFT,442.9334
2025-12-16,MSFT,445.4153
2025-12-17,MSFT,445.5393
2025-12-18,MSFT,447.8635
2025-12-19,MSFT,448.9676
2025-12-22,MSFT,447.2648
2025-12-23,MSFT,454.9314
2025-12-24,MSFT,456.5817
2025-12-25,MSFT,465.8184
2025-12-26,MSFT,459.7366
2025-12-29,MSFT,452.5312
2025-12-30,MSFT,452.2421
2025-12-31,MSFT,458.6177
2026-01-01,MSFT,461.824
2026-01-02,MSFT,471.7534
2026-01-05,MSFT,469.8098
2026-01-06,MSFT,461.6764
2026-01-07,MSFT,455.4077
2026-01-08,MSFT,462.9963
2026-01-09,MSFT,458.2507
2026-01-12,MSFT,452.8815
2026-01-13,MSFT,459.7399
2026-01-14,MSFT,455.6498
2026-01-15,MSFT,452.7275
2026-01-16,MSFT,455.0188
2026-01-19,MSFT,441.3056
2026-01-20,MSFT,438.3233
2026-01-21,MSFT,436.2522
2026-01-22,MSFT,431.5467
2026-01-23,MSFT,433.2705
2026-01-26,MSFT,441.9303
2026-01-27,MSFT,446.914
2026-01-28,MSFT,450.7723
2026-01-29,MSFT,451.198
2026-01-30,MSFT,453.011
2026-02-02,MSFT,450.0323
2026-02-03,MSFT,445.2229
2026-02-04,MSFT,448.5793
2026-02-05,MSFT,451.0746
2026-02-06,MSFT,458.4182
2026-02-09,MSFT,472.3603
2026-02-10,MSFT,466.2441
2026-02-11,MSFT,457.758
2026-02-12,MSFT,446.0189
2026-02-13,MSFT,451.311
2026-02-16,MSFT,458.0232
2026-02-17,MSFT,459.4212
2026-02-18,MSFT,456.6067
2026-02-19,MSFT,453.323
2026-02-20,MSFT,445.3105
2026-02-23,MSFT,444.3637
2026-02-24,MSFT,451.595
2026-02-25,MSFT,445.1546
2026-02-26,MSFT,446.4135
2026-02-27,MSFT,442.3602
2026-03-02,MSFT,451.9051
2026-03-03,MSFT,445.3507
2026-03-04,MSFT,443.7843
2026-03-05,MSFT,447.8591
2026-03-06,MSFT,450.063
2026-03-09,MSFT,447.3171
2026-03-10,MSFT,441.7419
2026-03-11,MSFT,431.7521
2026-03-12,MSFT,415.3334
2026-03-13,MSFT,416.4473
2026-03-16,MSFT,417.6493
2026-03-17,MSFT,426.4477
2026-03-18,MSFT,433.0506
2026-03-19,MSFT,429.8645
2026-03-20,MSFT,430.2785
2026-03-23,MSFT,442.2992
2026-03-24,MSFT,438.4399
2026-03-25,MSFT,443.863
2026-03-26,MSFT,449.8155
2026-03-27,MSFT,441.5234
2026-03-30,MSFT,438.565
2026-03-31,MSFT,442.8087
2026-04-01,MSFT,454.0418
2026-04-02,MSFT,464.4797
2026-04-03,MSFT,454.3148
2026-04-06,MSFT,454.6611
2026-04-07,MSFT,460.6551
2026-04-08,MSFT,464.1397
2026-04-09,MSFT,457.2172
2026-04-10,MSFT,452.7052
2026-04-13,MSFT,448.2873
2026-04-14,MSFT,457.6997
2026-04-15,MSFT,443.1664
2026-04-16,MSFT,452.5521
2026-04-17,MSFT,460.4267
2026-04-20,MSFT,464.6899
2026-04-21,MSFT,472.4429
2026-04-22,MSFT,479.0512
2026-04-23,MSFT,482.5843
2026-04-24,MSFT,484.052
2026-04-27,MSFT,467.3769
2026-04-28,MSFT,478.5843
2026-04-29,MSFT,485.3228
2026-04-30,MSFT,479.457
2026-05-01,MSFT,487.6406
2026-05-04,MSFT,489.4421
2026-05-05,MSFT,482.3896
2026-05-06,MSFT,480.9413
2026-05-07,MSFT,482.747
2026-05-08,MSFT,486.8201
2026-05-11,MSFT,493.9065
2026-05-12,MSFT,479.958
2026-05-13,MSFT,479.8129
2026-05-14,MSFT,475.9762
2026-05-15,MSFT,477.621
2026-05-18,MSFT,480.4513
2026-05-19,MSFT,484.3974
2026-05-20,MSFT,499.9574
2026-05-21,MSFT,486.6176
2026-05-22,MSFT,478.3869
2026-05-25,MSFT,486.0737
2026-05-26,MSFT,476.3797
2026-05-27,MSFT,491.543
2026-05-28,MSFT,495.3797
2026-05-29,MSFT,502.9994
2026-06-01,MSFT,499.3118
2026-06-02,MSFT,511.4206
2026-06-03,MSFT,517.9991
2026-06-04,MSFT,516.6507
2026-06-05,MSFT,530.6346
2026-06-08,MSFT,534.2678
2026-06-09,MSFT,550.0601
2026-06-10,MSFT,566.525
2026-06-11,MSFT,563.239
2026-06-12,MSFT,567.7963
2026-06-15,MSFT,574.2064
2026-06-16,MSFT,581.497
2026-06-17,MSFT,601.8138
2026-06-18,MSFT,627.9665
2026-06-19,MSFT,621.0935
2025-11-03,NVDA,117.9566
2025-11-04,NVDA,122.5489
2025-11-05,NVDA,125.4951
2025-11-06,NVDA,121.8441
2025-11-07,NVDA,122.7524
2025-11-10,NVDA,123.8565
2025-11-11,NVDA,130.6919
2025-11-12,NVDA,128.4731
2025-11-13,NVDA,131.6242
2025-11-14,NVDA,134.8595
2025-11-17,NVDA,142.283
2025-11-18,NVDA,144.6321
2025-11-19,NVDA,142.6874
2025-11-20,NVDA,138.2261
2025-11-21,NVDA,133.7305
2025-11-24,NVDA,127.8369
2025-11-25,NVDA,131.8609
2025-11-26,NVDA,133.6107
2025-11-27,NVDA,137.6532
2025-11-28,NVDA,139.77
2025-12-01,NVDA,141.7578
2025-12-02,NVDA,142.7619
2025-12-03,NVDA,140.4833
2025-12-04,NVDA,141.7051
2025-12-05,NVDA,140.119
2025-12-08,NVDA,131.6998
2025-12-09,NVDA,130.9277
2025-12-10,NVDA,130.7812
2025-12-11,NVDA,140.7445
2025-12-12,NVDA,141.3805
2025-12-15,NVDA,141.5781
2025-12-16,NVDA,136.468
2025-12-17,NVDA,137.3102
2025-12-18,NVDA,138.7079
2025-12-19,NVDA,138.0892
2025-12-22,NVDA,139.1569
2025-12-23,NVDA,136.486
2025-12-24,NVDA,139.2622
2025-12-25,NVDA,140.981
2025-12-26,NVDA,138.2899
2025-12-29,NVDA,131.2846
2025-12-30,NVDA,128.6408
2025-12-31,NVDA,129.5013
2026-01-01,NVDA,131.5318
2026-01-02,NVDA,132.9423
2026-01-05,NVDA,123.4887
2026-01-06,NVDA,123.3737
2026-01-07,NVDA,121.9041
2026-01-08,NVDA,125.4885
2026-01-09,NVDA,130.5312
2026-01-12,NVDA,131.957
2026-01-13,NVDA,130.1303
2026-01-14,NVDA,127.9187
2026-01-15,NVDA,129.6758
2026-01-16,NVDA,130.9056
2026-01-19,NVDA,128.5302
2026-01-20,NVDA,125.3458
2026-01-21,NVDA,122.4219
2026-01-22,NVDA,122.6008
2026-01-23,NVDA,119.1616
2026-01-26,NVDA,126.4477
2026-01-27,NVDA,128.5549
2026-01-28,NVDA,132.5169
2026-01-29,NVDA,133.8273
2026-01-30,NVDA,133.249
2026-02-02,NVDA,123.8846
2026-02-03,NVDA,129.9735
2026-02-04,NVDA,133.6942
2026-02-05,NVDA,127.3208
2026-02-06,NVDA,140.1407
2026-02-09,NVDA,147.2063
2026-02-10,NVDA,154.2432
2026-02-11,NVDA,150.4839
2026-02-12,NVDA,140.9173
2026-02-13,NVDA,138.0706
2026-02-16,NVDA,144.654
2026-02-17,NVDA,138.7207
2026-02-18,NVDA,138.6291
2026-02-19,NVDA,142.2219
2026-02-20,NVDA,144.59
2026-02-23,NVDA,145.8398
2026-02-24,NVDA,134.9526
2026-02-25,NVDA,133.8711
2026-02-26,NVDA,139.3559
2026-02-27,NVDA,142.604
2026-03-02,NVDA,142.5023
2026-03-03,NVDA,143.0705
2026-03-04,NVDA,146.5558
2026-03-05,NVDA,146.2007
2026-03-06,NVDA,140.3447
2026-03-09,NVDA,136.0471
2026-03-10,NVDA,132.0449
2026-03-11,NVDA,133.2392
2026-03-12,NVDA,133.8671
2026-03-13,NVDA,136.5235
2026-03-16,NVDA,139.0231
2026-03-17,NVDA,140.0386
2026-03-18,NVDA,134.9529
2026-03-19,NVDA,135.8726
2026-03-20,NVDA,130.0483
2026-03-23,NVDA,137.1896
2026-03-24,NVDA,135.9507
2026-03-25,NVDA,143.8838
2026-03-26,NVDA,145.9716
2026-03-27,NVDA,149.8051
2026-03-30,NVDA,147.444
2026-03-31,NVDA,151.6418
2026-04-01,NVDA,152.7293
2026-04-02,NVDA,153.2803
2026-04-03,NVDA,152.2151
2026-04-06,NVDA,155.8493
2026-04-07,NVDA,150.9286
2026-04-08,NVDA,155.1062
2026-04-09,NVDA,153.44
2026-04-10,NVDA,154.791
2026-04-13,NVDA,151.8071
2026-04-14,NVDA,156.0824
2026-04-15,NVDA,145.8675
2026-04-16,NVDA,145.069
2026-04-17,NVDA,146.0004
2026-04-20,NVDA,140.1107
2026-04-21,NVDA,140.1385
2026-04-22,NVDA,140.9101
2026-04-23,NVDA,140.5765
2026-04-24,NVDA,132.9482
2026-04-27,NVDA,129.4233
2026-04-28,NVDA,132.1547
2026-04-29,NVDA,134.1226
2026-04-30,NVDA,134.2478
2026-05-01,NVDA,140.2176
2026-05-04,NVDA,143.8509
2026-05-05,NVDA,148.3347
2026-05-06,NVDA,151.0484
2026-05-07,NVDA,147.246
2026-05-08,NVDA,147.6323
2026-05-11,NVDA,140.6989
2026-05-12,NVDA,137.8896
2026-05-13,NVDA,129.3389
2026-05-14,NVDA,127.6952
2026-05-15,NVDA,129.5164
2026-05-18,NVDA,130.7874
2026-05-19,NVDA,130.404
2026-05-20,NVDA,127.8802
2026-05-21,NVDA,130.7437
2026-05-22,NVDA,132.1762
2026-05-25,NVDA,134.8992
2026-05-26,NVDA,133.294
2026-05-27,NVDA,137.3814
2026-05-28,NVDA,136.8347
2026-05-29,NVDA,134.8287
2026-06-01,NVDA,127.6147
2026-06-02,NVDA,131.1837
2026-06-03,NVDA,132.0534
2026-06-04,NVDA,134.5094
2026-06-05,NVDA,141.7897
2026-06-08,NVDA,140.7383
2026-06-09,NVDA,147.1789
2026-06-10,NVDA,144.8188
2026-06-11,NVDA,147.6587
2026-06-12,NVDA,146.2244
2026-06-15,NVDA,143.4059
2026-06-16,NVDA,140.3251
2026-06-17,NVDA,142.4418
2026-06-18,NVDA,153.028
2026-06-19,NVDA,156.4723
2025-11-03,GOOGL,165.5133
2025-11-04,GOOGL,165.2523
2025-11-05,GOOGL,167.4969
2025-11-06,GOOGL,167.4104
2025-11-07,GOOGL,169.8926
2025-11-10,GOOGL,173.6791
2025-11-11,GOOGL,175.0654
2025-11-12,GOOGL,176.6504
2025-11-13,GOOGL,182.6611
2025-11-14,GOOGL,182.6402
2025-11-17,GOOGL,184.0748
2025-11-18,GOOGL,189.7039
2025-11-19,GOOGL,190.3636
2025-11-20,GOOGL,189.6022
2025-11-21,GOOGL,188.5113
2025-11-24,GOOGL,184.3803
2025-11-25,GOOGL,187.7157
2025-11-26,GOOGL,187.61
2025-11-27,GOOGL,189.8311
2025-11-28,GOOGL,195.3716
2025-12-01,GOOGL,199.3964
2025-12-02,GOOGL,199.9801
2025-12-03,GOOGL,198.4802
2025-12-04,GOOGL,199.3683
2025-12-05,GOOGL,197.0372
2025-12-08,GOOGL,192.4754
2025-12-09,GOOGL,189.8923
2025-12-10,GOOGL,190.1112
2025-12-11,GOOGL,191.1864
2025-12-12,GOOGL,193.226
2025-12-15,GOOGL,185.1941
2025-12-16,GOOGL,183.0859
2025-12-17,GOOGL,181.8023
2025-12-18,GOOGL,183.9812
2025-12-19,GOOGL,186.7275
2025-12-22,GOOGL,186.3086
2025-12-23,GOOGL,194.3093
2025-12-24,GOOGL,197.727
2025-12-25,GOOGL,202.5754
2025-12-26,GOOGL,199.5916
2025-12-29,GOOGL,196.8113
2025-12-30,GOOGL,194.3607
2025-12-31,GOOGL,192.9897
2026-01-01,GOOGL,192.9652
2026-01-02,GOOGL,189.7077
2026-01-05,GOOGL,189.2008
2026-01-06,GOOGL,185.9896
2026-01-07,GOOGL,186.6263
2026-01-08,GOOGL,188.6404
2026-01-09,GOOGL,187.9286
2026-01-12,GOOGL,184.9318
2026-01-13,GOOGL,184.3479
2026-01-14,GOOGL,186.633
2026-01-15,GOOGL,190.3973
2026-01-16,GOOGL,187.9524
2026-01-19,GOOGL,188.3511
2026-01-20,GOOGL,185.0688
2026-01-21,GOOGL,188.7702
2026-01-22,GOOGL,188.3211
2026-01-23,GOOGL,185.2697
2026-01-26,GOOGL,182.2868
2026-01-27,GOOGL,183.1152
2026-01-28,GOOGL,188.0916
2026-01-29,GOOGL,187.682
2026-01-30,GOOGL,186.6416
2026-02-02,GOOGL,183.057
2026-02-03,GOOGL,183.1381
2026-02-04,GOOGL,179.9584
2026-02-05,GOOGL,181.8389
2026-02-06,GOOGL,183.6778
2026-02-09,GOOGL,182.8476
2026-02-10,GOOGL,176.4624
2026-02-11,GOOGL,175.0194
2026-02-12,GOOGL,172.8328
2026-02-13,GOOGL,176.0492
2026-02-16,GOOGL,181.7568
2026-02-17,GOOGL,181.8565
2026-02-18,GOOGL,179.018
2026-02-19,GOOGL,179.1748
2026-02-20,GOOGL,176.5356
2026-02-23,GOOGL,177.4827
2026-02-24,GOOGL,171.8143
2026-02-25,GOOGL,170.8541
2026-02-26,GOOGL,171.2681
2026-02-27,GOOGL,168.4017
2026-03-02,GOOGL,165.3124
2026-03-03,GOOGL,159.6908
2026-03-04,GOOGL,160.8815
2026-03-05,GOOGL,164.3118
2026-03-06,GOOGL,161.6339
2026-03-09,GOOGL,154.4453
2026-03-10,GOOGL,153.3072
2026-03-11,GOOGL,150.8418
2026-03-12,GOOGL,151.8638
2026-03-13,GOOGL,156.0441
2026-03-16,GOOGL,157.1373
2026-03-17,GOOGL,152.6459
2026-03-18,GOOGL,156.3987
2026-03-19,GOOGL,156.3238
2026-03-20,GOOGL,158.0019
2026-03-23,GOOGL,160.2324
2026-03-24,GOOGL,161.5115
2026-03-25,GOOGL,157.7009
2026-03-26,GOOGL,160.6353
2026-03-27,GOOGL,156.2447
2026-03-30,GOOGL,149.762
2026-03-31,GOOGL,152.3318
2026-04-01,GOOGL,155.623
2026-04-02,GOOGL,160.3109
2026-04-03,GOOGL,163.297
2026-04-06,GOOGL,164.6461
2026-04-07,GOOGL,164.7914
2026-04-08,GOOGL,166.9565
2026-04-09,GOOGL,167.2005
2026-04-10,GOOGL,167.4376
2026-04-13,GOOGL,163.2111
2026-04-14,GOOGL,165.8132
2026-04-15,GOOGL,161.9969
2026-04-16,GOOGL,164.1961
2026-04-17,GOOGL,163.5742
2026-04-20,GOOGL,163.799
2026-04-21,GOOGL,166.0902
2026-04-22,GOOGL,163.771
2026-04-23,GOOGL,163.1567
2026-04-24,GOOGL,163.6598
2026-04-27,GOOGL,159.0699
2026-04-28,GOOGL,156.5544
2026-04-29,GOOGL,159.7698
2026-04-30,GOOGL,162.9335
2026-05-01,GOOGL,162.5876
2026-05-04,GOOGL,165.591
2026-05-05,GOOGL,166.9799
2026-05-06,GOOGL,169.451
2026-05-07,GOOGL,167.773
2026-05-08,GOOGL,172.6453
2026-05-11,GOOGL,171.319
2026-05-12,GOOGL,169.6064
2026-05-13,GOOGL,163.2718
2026-05-14,GOOGL,162.0192
2026-05-15,GOOGL,164.2363
2026-05-18,GOOGL,163.9829
2026-05-19,GOOGL,166.3096
2026-05-20,GOOGL,163.775
2026-05-21,GOOGL,164.4908
2026-05-22,GOOGL,162.2115
2026-05-25,GOOGL,169.1929
2026-05-26,GOOGL,168.8241
2026-05-27,GOOGL,170.5984
2026-05-28,GOOGL,171.1925
2026-05-29,GOOGL,169.7663
2026-06-01,GOOGL,170.1716
2026-06-02,GOOGL,173.2676
2026-06-03,GOOGL,169.9283
2026-06-04,GOOGL,169.9337
2026-06-05,GOOGL,170.5688
2026-06-08,GOOGL,175.3512
2026-06-09,GOOGL,171.477
2026-06-10,GOOGL,173.8686
2026-06-11,GOOGL,170.5903
2026-06-12,GOOGL,171.7911
2026-06-15,GOOGL,174.0724
2026-06-16,GOOGL,176.1834
2026-06-17,GOOGL,175.2502
2026-06-18,GOOGL,173.4925
2026-06-19,GOOGL,179.2738
2025-11-03,AMZN,182.0046
2025-11-04,AMZN,184.8479
2025-11-05,AMZN,189.6534
2025-11-06,AMZN,182.9947
2025-11-07,AMZN,190.3621
2025-11-10,AMZN,190.611
2025-11-11,AMZN,191.7463
2025-11-12,AMZN,189.4941
2025-11-13,AMZN,192.692
2025-11-14,AMZN,192.2675
2025-11-17,AMZN,199.3443
2025-11-18,AMZN,205.3539
2025-11-19,AMZN,207.407
2025-11-20,AMZN,208.6491
2025-11-21,AMZN,209.4677
2025-11-24,AMZN,206.0473
2025-11-25,AMZN,208.1045
2025-11-26,AMZN,211.0061
2025-11-27,AMZN,213.576
2025-11-28,AMZN,211.7576
2025-12-01,AMZN,207.8948
2025-12-02,AMZN,202.0853
2025-12-03,AMZN,201.7188
2025-12-04,AMZN,198.4897
2025-12-05,AMZN,192.3435
2025-12-08,AMZN,188.5938
2025-12-09,AMZN,186.8353
2025-12-10,AMZN,186.8532
2025-12-11,AMZN,184.6042
2025-12-12,AMZN,184.0478
2025-12-15,AMZN,178.8455
2025-12-16,AMZN,179.9181
2025-12-17,AMZN,179.1655
2025-12-18,AMZN,186.9227
2025-12-19,AMZN,187.1778
2025-12-22,AMZN,191.776
2025-12-23,AMZN,193.4202
2025-12-24,AMZN,194.4394
2025-12-25,AMZN,201.0028
2025-12-26,AMZN,190.9597
2025-12-29,AMZN,183.2575
2025-12-30,AMZN,187.3234
2025-12-31,AMZN,191.6798
2026-01-01,AMZN,196.5409
2026-01-02,AMZN,199.2877
2026-01-05,AMZN,195.4137
2026-01-06,AMZN,195.4352
2026-01-07,AMZN,192.712
2026-01-08,AMZN,194.3771
2026-01-09,AMZN,195.5855
2026-01-12,AMZN,191.5876
2026-01-13,AMZN,198.4766
2026-01-14,AMZN,199.4078
2026-01-15,AMZN,199.972
2026-01-16,AMZN,198.8789
2026-01-19,AMZN,197.1338
2026-01-20,AMZN,194.5412
2026-01-21,AMZN,194.9158
2026-01-22,AMZN,194.6176
2026-01-23,AMZN,186.6116
2026-01-26,AMZN,190.7911
2026-01-27,AMZN,184.2362
2026-01-28,AMZN,181.6335
2026-01-29,AMZN,177.0321
2026-01-30,AMZN,178.5999
2026-02-02,AMZN,172.3265
2026-02-03,AMZN,176.5396
2026-02-04,AMZN,181.1287
2026-02-05,AMZN,183.3063
2026-02-06,AMZN,189.2303
2026-02-09,AMZN,192.5537
2026-02-10,AMZN,194.3054
2026-02-11,AMZN,188.7077
2026-02-12,AMZN,184.2588
2026-02-13,AMZN,185.2317
2026-02-16,AMZN,185.2525
2026-02-17,AMZN,185.6311
2026-02-18,AMZN,185.7977
2026-02-19,AMZN,187.9483
2026-02-20,AMZN,188.0601
2026-02-23,AMZN,187.6285
2026-02-24,AMZN,187.7731
2026-02-25,AMZN,193.171
2026-02-26,AMZN,197.6671
2026-02-27,AMZN,198.1298
2026-03-02,AMZN,199.7554
2026-03-03,AMZN,195.9195
2026-03-04,AMZN,195.6454
2026-03-05,AMZN,197.4568
2026-03-06,AMZN,195.1813
2026-03-09,AMZN,188.8538
2026-03-10,AMZN,183.8745
2026-03-11,AMZN,181.7828
2026-03-12,AMZN,179.2282
2026-03-13,AMZN,178.0882
2026-03-16,AMZN,178.0487
2026-03-17,AMZN,176.0944
2026-03-18,AMZN,176.0523
2026-03-19,AMZN,169.7646
2026-03-20,AMZN,166.2849
2026-03-23,AMZN,168.1385
2026-03-24,AMZN,166.3555
2026-03-25,AMZN,162.4623
2026-03-26,AMZN,168.2823
2026-03-27,AMZN,164.1407
2026-03-30,AMZN,162.5193
2026-03-31,AMZN,158.7593
2026-04-01,AMZN,158.7799
2026-04-02,AMZN,160.709
2026-04-03,AMZN,160.8408
2026-04-06,AMZN,161.6529
2026-04-07,AMZN,161.0151
2026-04-08,AMZN,159.2373
2026-04-09,AMZN,156.2975
2026-04-10,AMZN,154.8735
2026-04-13,AMZN,153.5994
2026-04-14,AMZN,154.9532
2026-04-15,AMZN,152.7116
2026-04-16,AMZN,154.1858
2026-04-17,AMZN,154.1546
2026-04-20,AMZN,154.621
2026-04-21,AMZN,154.9104
2026-04-22,AMZN,154.4192
2026-04-23,AMZN,155.5393
2026-04-24,AMZN,155.2157
2026-04-27,AMZN,149.0891
2026-04-28,AMZN,152.8958
2026-04-29,AMZN,152.9243
2026-04-30,AMZN,154.7449
2026-05-01,AMZN,154.8753
2026-05-04,AMZN,156.8513
2026-05-05,AMZN,155.2294
2026-05-06,AMZN,152.9195
2026-05-07,AMZN,154.25
2026-05-08,AMZN,159.9688
2026-05-11,AMZN,164.0747
2026-05-12,AMZN,163.0105
2026-05-13,AMZN,164.9066
2026-05-14,AMZN,163.9327
2026-05-15,AMZN,162.7108
2026-05-18,AMZN,164.1715
2026-05-19,AMZN,168.649
2026-05-20,AMZN,164.8242
2026-05-21,AMZN,166.4973
2026-05-22,AMZN,164.1583
2026-05-25,AMZN,167.7267
2026-05-26,AMZN,162.7287
2026-05-27,AMZN,164.9812
2026-05-28,AMZN,170.3253
2026-05-29,AMZN,166.6304
2026-06-01,AMZN,164.372
2026-06-02,AMZN,166.9105
2026-06-03,AMZN,168.8608
2026-06-04,AMZN,172.3623
2026-06-05,AMZN,176.1375
2026-06-08,AMZN,179.3501
2026-06-09,AMZN,175.7143
2026-06-10,AMZN,174.3442
2026-06-11,AMZN,167.4718
2026-06-12,AMZN,170.703
2026-06-15,AMZN,168.4949
2026-06-16,AMZN,171.0159
2026-06-17,AMZN,170.1749
2026-06-18,AMZN,169.2785
2026-06-19,AMZN,168.8115
2025-11-03,META,550.6269
2025-11-04,META,549.3379
2025-11-05,META,536.8094
2025-11-06,META,531.6625
2025-11-07,META,541.5529
2025-11-10,META,526.1364
2025-11-11,META,516.6175
2025-11-12,META,507.8523
2025-11-13,META,506.3271
2025-11-14,META,516.1958
2025-11-17,META,533.4259
2025-11-18,META,528.8096
2025-11-19,META,550.5358
2025-11-20,META,562.319
2025-11-21,META,552.6349
2025-11-24,META,525.9447
2025-11-25,META,532.9388
2025-11-26,META,514.0958
2025-11-27,META,513.9027
2025-11-28,META,518.0703
2025-12-01,META,507.8293
2025-12-02,META,501.534
2025-12-03,META,494.6222
2025-12-04,META,496.9769
2025-12-05,META,500.9679
2025-12-08,META,497.4991
2025-12-09,META,497.5282
2025-12-10,META,495.2346
2025-12-11,META,494.3431
2025-12-12,META,500.5214
2025-12-15,META,504.9901
2025-12-16,META,499.5183
2025-12-17,META,492.8712
2025-12-18,META,485.5259
2025-12-19,META,502.75
2025-12-22,META,509.6348
2025-12-23,META,515.5717
2025-12-24,META,519.2603
2025-12-25,META,531.8027
2025-12-26,META,520.7499
2025-12-29,META,517.2976
2025-12-30,META,518.091
2025-12-31,META,529.0884
2026-01-01,META,527.5203
2026-01-02,META,525.0918
2026-01-05,META,528.8884
2026-01-06,META,532.4527
2026-01-07,META,542.8591
2026-01-08,META,544.3561
2026-01-09,META,543.0161
2026-01-12,META,521.8014
2026-01-13,META,523.7385
2026-01-14,META,512.8126
2026-01-15,META,524.1237
2026-01-16,META,507.4985
2026-01-19,META,516.1025
2026-01-20,META,501.2413
2026-01-21,META,500.2967
2026-01-22,META,508.0704
2026-01-23,META,499.5736
2026-01-26,META,503.9646
2026-01-27,META,508.5568
2026-01-28,META,497.1905
2026-01-29,META,515.0507
2026-01-30,META,506.9098
2026-02-02,META,499.9717
2026-02-03,META,506.4403
2026-02-04,META,518.1881
2026-02-05,META,526.0942
2026-02-06,META,548.2526
2026-02-09,META,548.4279
2026-02-10,META,549.9424
2026-02-11,META,522.6241
2026-02-12,META,515.9524
2026-02-13,META,509.2748
2026-02-16,META,523.1512
2026-02-17,META,511.4298
2026-02-18,META,506.1353
2026-02-19,META,509.417
2026-02-20,META,511.8634
2026-02-23,META,511.4584
2026-02-24,META,501.39
2026-02-25,META,495.7234
2026-02-26,META,493.8389
2026-02-27,META,489.1602
2026-03-02,META,514.9194
2026-03-03,META,519.0735
2026-03-04,META,508.5566
2026-03-05,META,507.3891
2026-03-06,META,489.5022
2026-03-09,META,485.4107
2026-03-10,META,500.0368
2026-03-11,META,515.1363
2026-03-12,META,518.5513
2026-03-13,META,524.2109
2026-03-16,META,524.444
2026-03-17,META,519.3663
2026-03-18,META,519.8734
2026-03-19,META,527.0671
2026-03-20,META,503.9326
2026-03-23,META,519.5227
2026-03-24,META,540.227
2026-03-25,META,541.5609
2026-03-26,META,551.6855
2026-03-27,META,546.9726
2026-03-30,META,535.4644
2026-03-31,META,522.8217
2026-04-01,META,523.0152
2026-04-02,META,543.486
2026-04-03,META,545.9801
2026-04-06,META,545.0569
2026-04-07,META,558.0188
2026-04-08,META,558.2092
2026-04-09,META,537.3628
2026-04-10,META,529.5123
2026-04-13,META,545.3825
2026-04-14,META,567.726
2026-04-15,META,553.0466
2026-04-16,META,565.422
2026-04-17,META,569.1755
2026-04-20,META,586.6152
2026-04-21,META,597.0627
2026-04-22,META,611.1518
2026-04-23,META,613.9686
2026-04-24,META,623.227
2026-04-27,META,621.7783
2026-04-28,META,636.2357
2026-04-29,META,649.5794
2026-04-30,META,658.7397
2026-05-01,META,656.5235
2026-05-04,META,668.9799
2026-05-05,META,681.0654
2026-05-06,META,693.0192
2026-05-07,META,690.4645
2026-05-08,META,698.5347
2026-05-11,META,671.7155
2026-05-12,META,651.7957
2026-05-13,META,636.4692
2026-05-14,META,639.5009
2026-05-15,META,639.6953
2026-05-18,META,633.3161
2026-05-19,META,648.6634
2026-05-20,META,645.1091
2026-05-21,META,640.7157
2026-05-22,META,634.2157
2026-05-25,META,653.0743
2026-05-26,META,639.0504
2026-05-27,META,650.461
2026-05-28,META,652.7934
2026-05-29,META,637.314
2026-06-01,META,650.0913
2026-06-02,META,652.6672
2026-06-03,META,667.4292
2026-06-04,META,660.1746
2026-06-05,META,674.2323
2026-06-08,META,677.0713
2026-06-09,META,669.9445
2026-06-10,META,651.1931
2026-06-11,META,658.3894
2026-06-12,META,662.2974
2026-06-15,META,641.41
2026-06-16,META,637.4657
2026-06-17,META,638.4515
2026-06-18,META,659.1736
2026-06-19,META,674.5924
2025-11-03,AVGO,164.285
2025-11-04,AVGO,168.4685
2025-11-05,AVGO,171.2017
2025-11-06,AVGO,166.9587
2025-11-07,AVGO,164.2602
2025-11-10,AVGO,168.0016
2025-11-11,AVGO,164.3218
2025-11-12,AVGO,168.791
2025-11-13,AVGO,165.5889
2025-11-14,AVGO,161.7599
2025-11-17,AVGO,169.3364
2025-11-18,AVGO,174.9009
2025-11-19,AVGO,177.6502
2025-11-20,AVGO,174.2011
2025-11-21,AVGO,174.2512
2025-11-24,AVGO,170.4619
2025-11-25,AVGO,170.4618
2025-11-26,AVGO,167.4403
2025-11-27,AVGO,167.9551
2025-11-28,AVGO,166.8304
2025-12-01,AVGO,163.035
2025-12-02,AVGO,161.4987
2025-12-03,AVGO,160.9492
2025-12-04,AVGO,157.8747
2025-12-05,AVGO,156.6467
2025-12-08,AVGO,149.7136
2025-12-09,AVGO,147.7141
2025-12-10,AVGO,148.5715
2025-12-11,AVGO,154.7903
2025-12-12,AVGO,154.5771
2025-12-15,AVGO,156.2165
2025-12-16,AVGO,153.3392
2025-12-17,AVGO,155.6003
2025-12-18,AVGO,155.6146
2025-12-19,AVGO,157.8638
2025-12-22,AVGO,157.4133
2025-12-23,AVGO,159.3863
2025-12-24,AVGO,160.7258
2025-12-25,AVGO,159.6219
2025-12-26,AVGO,157.8845
2025-12-29,AVGO,151.013
2025-12-30,AVGO,150.2899
2025-12-31,AVGO,154.3893
2026-01-01,AVGO,153.1497
2026-01-02,AVGO,152.214
2026-01-05,AVGO,155.1077
2026-01-06,AVGO,157.0513
2026-01-07,AVGO,160.1423
2026-01-08,AVGO,165.2901
2026-01-09,AVGO,168.524
2026-01-12,AVGO,167.9668
2026-01-13,AVGO,164.0017
2026-01-14,AVGO,160.0682
2026-01-15,AVGO,157.7524
2026-01-16,AVGO,159.0807
2026-01-19,AVGO,166.7175
2026-01-20,AVGO,167.9918
2026-01-21,AVGO,167.5016
2026-01-22,AVGO,170.8349
2026-01-23,AVGO,169.1504
2026-01-26,AVGO,168.8757
2026-01-27,AVGO,168.1924
2026-01-28,AVGO,172.1005
2026-01-29,AVGO,175.6012
2026-01-30,AVGO,178.1996
2026-02-02,AVGO,173.1953
2026-02-03,AVGO,177.9632
2026-02-04,AVGO,178.4163
2026-02-05,AVGO,174.9487
2026-02-06,AVGO,176.9934
2026-02-09,AVGO,177.9552
2026-02-10,AVGO,176.6544
2026-02-11,AVGO,179.7966
2026-02-12,AVGO,173.1501
2026-02-13,AVGO,172.6921
2026-02-16,AVGO,171.6363
2026-02-17,AVGO,170.3159
2026-02-18,AVGO,170.8583
2026-02-19,AVGO,170.8372
2026-02-20,AVGO,169.7693
2026-02-23,AVGO,170.4544
2026-02-24,AVGO,166.0265
2026-02-25,AVGO,170.5481
2026-02-26,AVGO,174.1336
2026-02-27,AVGO,172.5455
2026-03-02,AVGO,173.0154
2026-03-03,AVGO,170.7306
2026-03-04,AVGO,172.0649
2026-03-05,AVGO,170.967
2026-03-06,AVGO,170.0605
2026-03-09,AVGO,171.0974
2026-03-10,AVGO,169.318
2026-03-11,AVGO,172.0359
2026-03-12,AVGO,170.9392
2026-03-13,AVGO,175.891
2026-03-16,AVGO,175.0902
2026-03-17,AVGO,178.334
2026-03-18,AVGO,181.8658
2026-03-19,AVGO,177.6001
2026-03-20,AVGO,168.3765
2026-03-23,AVGO,167.4601
2026-03-24,AVGO,163.8395
2026-03-25,AVGO,162.0531
2026-03-26,AVGO,161.5807
2026-03-27,AVGO,159.2518
2026-03-30,AVGO,154.8296
2026-03-31,AVGO,162.0889
2026-04-01,AVGO,160.6028
2026-04-02,AVGO,165.557
2026-04-03,AVGO,168.4753
2026-04-06,AVGO,166.5177
2026-04-07,AVGO,172.2752
2026-04-08,AVGO,176.9868
2026-04-09,AVGO,177.3902
2026-04-10,AVGO,177.9816
2026-04-13,AVGO,178.8411
2026-04-14,AVGO,185.0066
2026-04-15,AVGO,179.2259
2026-04-16,AVGO,184.792
2026-04-17,AVGO,190.1755
2026-04-20,AVGO,186.217
2026-04-21,AVGO,181.8741
2026-04-22,AVGO,186.3375
2026-04-23,AVGO,186.1565
2026-04-24,AVGO,182.0993
2026-04-27,AVGO,184.2408
2026-04-28,AVGO,189.1225
2026-04-29,AVGO,189.2722
2026-04-30,AVGO,196.7385
2026-05-01,AVGO,191.9111
2026-05-04,AVGO,185.891
2026-05-05,AVGO,184.2868
2026-05-06,AVGO,181.8751
2026-05-07,AVGO,175.047
2026-05-08,AVGO,184.491
2026-05-11,AVGO,184.7162
2026-05-12,AVGO,181.6348
2026-05-13,AVGO,178.2912
2026-05-14,AVGO,180.0307
2026-05-15,AVGO,176.6161
2026-05-18,AVGO,175.1729
2026-05-19,AVGO,182.2906
2026-05-20,AVGO,181.6457
2026-05-21,AVGO,180.9824
2026-05-22,AVGO,180.2501
2026-05-25,AVGO,192.1683
2026-05-26,AVGO,194.2011
2026-05-27,AVGO,200.377
2026-05-28,AVGO,207.2427
2026-05-29,AVGO,208.5126
2026-06-01,AVGO,209.1565
2026-06-02,AVGO,224.6852
2026-06-03,AVGO,216.1239
2026-06-04,AVGO,214.3093
2026-06-05,AVGO,219.6208
2026-06-08,AVGO,224.4736
2026-06-09,AVGO,219.1574
2026-06-10,AVGO,216.7815
2026-06-11,AVGO,217.939
2026-06-12,AVGO,210.5495
2026-06-15,AVGO,212.0891
2026-06-16,AVGO,222.9004
2026-06-17,AVGO,221.9626
2026-06-18,AVGO,216.4446
2026-06-19,AVGO,222.7857
2025-11-03,AMD,148.0946
2025-11-04,AMD,157.3325
2025-11-05,AMD,157.1944
2025-11-06,AMD,152.3774
2025-11-07,AMD,159.2264
2025-11-10,AMD,165.5771
2025-11-11,AMD,172.6748
2025-11-12,AMD,184.4589
2025-11-13,AMD,190.8986
2025-11-14,AMD,188.6454
2025-11-17,AMD,191.2158
2025-11-18,AMD,194.2417
2025-11-19,AMD,190.2906
2025-11-20,AMD,189.5667
2025-11-21,AMD,185.6046
2025-11-24,AMD,169.8722
2025-11-25,AMD,173.5605
2025-11-26,AMD,174.0778
2025-11-27,AMD,165.89
2025-11-28,AMD,168.4051
2025-12-01,AMD,155.395
2025-12-02,AMD,153.5932
2025-12-03,AMD,154.5145
2025-12-04,AMD,149.5655
2025-12-05,AMD,152.0364
2025-12-08,AMD,154.0075
2025-12-09,AMD,156.1334
2025-12-10,AMD,155.924
2025-12-11,AMD,165.0529
2025-12-12,AMD,165.1118
2025-12-15,AMD,161.3286
2025-12-16,AMD,157.004
2025-12-17,AMD,152.1753
2025-12-18,AMD,150.9014
2025-12-19,AMD,147.8069
2025-12-22,AMD,141.6142
2025-12-23,AMD,149.269
2025-12-24,AMD,152.4775
2025-12-25,AMD,160.2575
2025-12-26,AMD,157.0453
2025-12-29,AMD,147.9279
2025-12-30,AMD,152.8196
2025-12-31,AMD,157.5123
2026-01-01,AMD,151.6438
2026-01-02,AMD,155.8606
2026-01-05,AMD,144.8765
2026-01-06,AMD,146.1538
2026-01-07,AMD,141.3996
2026-01-08,AMD,147.2875
2026-01-09,AMD,145.6003
2026-01-12,AMD,148.3495
2026-01-13,AMD,150.3095
2026-01-14,AMD,151.3779
2026-01-15,AMD,152.6761
2026-01-16,AMD,152.3815
2026-01-19,AMD,155.1501
2026-01-20,AMD,156.819
2026-01-21,AMD,147.5797
2026-01-22,AMD,144.7169
2026-01-23,AMD,140.9599
2026-01-26,AMD,140.1244
2026-01-27,AMD,138.9501
2026-01-28,AMD,146.787
2026-01-29,AMD,148.1322
2026-01-30,AMD,144.0213
2026-02-02,AMD,140.611
2026-02-03,AMD,146.09
2026-02-04,AMD,144.8194
2026-02-05,AMD,145.192
2026-02-06,AMD,146.8109
2026-02-09,AMD,152.9188
2026-02-10,AMD,153.1673
2026-02-11,AMD,149.9768
2026-02-12,AMD,145.3802
2026-02-13,AMD,141.8558
2026-02-16,AMD,150.726
2026-02-17,AMD,153.6636
2026-02-18,AMD,156.0122
2026-02-19,AMD,162.0828
2026-02-20,AMD,161.5435
2026-02-23,AMD,162.3869
2026-02-24,AMD,160.6836
2026-02-25,AMD,158.6027
2026-02-26,AMD,156.5128
2026-02-27,AMD,164.6255
2026-03-02,AMD,162.4831
2026-03-03,AMD,166.9492
2026-03-04,AMD,170.6801
2026-03-05,AMD,166.5917
2026-03-06,AMD,161.5188
2026-03-09,AMD,155.8527
2026-03-10,AMD,153.9472
2026-03-11,AMD,159.0696
2026-03-12,AMD,156.0249
2026-03-13,AMD,153.0722
2026-03-16,AMD,148.6963
2026-03-17,AMD,156.2008
2026-03-18,AMD,159.0478
2026-03-19,AMD,159.2243
2026-03-20,AMD,156.1794
2026-03-23,AMD,153.0645
2026-03-24,AMD,159.5767
2026-03-25,AMD,155.0485
2026-03-26,AMD,145.8912
2026-03-27,AMD,146.3326
2026-03-30,AMD,139.6429
2026-03-31,AMD,145.5913
2026-04-01,AMD,150.8698
2026-04-02,AMD,153.5442
2026-04-03,AMD,156.9305
2026-04-06,AMD,160.8394
2026-04-07,AMD,157.7091
2026-04-08,AMD,154.7056
2026-04-09,AMD,148.5622
2026-04-10,AMD,145.7444
2026-04-13,AMD,143.3262
2026-04-14,AMD,142.8439
2026-04-15,AMD,136.1497
2026-04-16,AMD,147.0884
2026-04-17,AMD,151.2116
2026-04-20,AMD,143.1121
2026-04-21,AMD,150.3266
2026-04-22,AMD,143.4539
2026-04-23,AMD,141.9974
2026-04-24,AMD,136.9081
2026-04-27,AMD,130.2444
2026-04-28,AMD,131.8544
2026-04-29,AMD,138.3747
2026-04-30,AMD,146.1167
2026-05-01,AMD,138.4816
2026-05-04,AMD,137.4151
2026-05-05,AMD,135.0496
2026-05-06,AMD,135.2994
2026-05-07,AMD,137.7281
2026-05-08,AMD,134.1633
2026-05-11,AMD,130.357
2026-05-12,AMD,124.2445
2026-05-13,AMD,124.2803
2026-05-14,AMD,123.1984
2026-05-15,AMD,119.8812
2026-05-18,AMD,117.1206
2026-05-19,AMD,117.1241
2026-05-20,AMD,117.5394
2026-05-21,AMD,121.8851
2026-05-22,AMD,116.152
2026-05-25,AMD,117.6428
2026-05-26,AMD,116.7979
2026-05-27,AMD,112.9618
2026-05-28,AMD,116.6183
2026-05-29,AMD,117.5134
2026-06-01,AMD,116.949
2026-06-02,AMD,115.1673
2026-06-03,AMD,121.2095
2026-06-04,AMD,120.8203
2026-06-05,AMD,123.29
2026-06-08,AMD,127.4281
2026-06-09,AMD,122.8184
2026-06-10,AMD,120.2776
2026-06-11,AMD,113.742
2026-06-12,AMD,113.2909
2026-06-15,AMD,112.9166
2026-06-16,AMD,112.7293
2026-06-17,AMD,113.7192
2026-06-18,AMD,117.6382
2026-06-19,AMD,117.5461
2025-11-03,CRM,277.3963
2025-11-04,CRM,272.3034
2025-11-05,CRM,276.514
2025-11-06,CRM,272.2836
2025-11-07,CRM,281.7167
2025-11-10,CRM,279.7364
2025-11-11,CRM,284.3745
2025-11-12,CRM,286.806
2025-11-13,CRM,284.3371
2025-11-14,CRM,284.9417
2025-11-17,CRM,292.4889
2025-11-18,CRM,300.8681
2025-11-19,CRM,303.3534
2025-11-20,CRM,304.0144
2025-11-21,CRM,313.2498
2025-11-24,CRM,309.6751
2025-11-25,CRM,315.5929
2025-11-26,CRM,303.6212
2025-11-27,CRM,293.4848
2025-11-28,CRM,283.4979
2025-12-01,CRM,281.8284
2025-12-02,CRM,282.0305
2025-12-03,CRM,285.0538
2025-12-04,CRM,280.8608
2025-12-05,CRM,272.6909
2025-12-08,CRM,266.9424
2025-12-09,CRM,269.6842
2025-12-10,CRM,273.4782
2025-12-11,CRM,269.1083
2025-12-12,CRM,269.5618
2025-12-15,CRM,261.7486
2025-12-16,CRM,261.5071
2025-12-17,CRM,263.5902
2025-12-18,CRM,267.5002
2025-12-19,CRM,265.5339
2025-12-22,CRM,263.4501
2025-12-23,CRM,264.7567
2025-12-24,CRM,273.1729
2025-12-25,CRM,278.8833
2025-12-26,CRM,273.6923
2025-12-29,CRM,268.3288
2025-12-30,CRM,268.7689
2025-12-31,CRM,267.0005
2026-01-01,CRM,261.1886
2026-01-02,CRM,260.1483
2026-01-05,CRM,255.8321
2026-01-06,CRM,249.9943
2026-01-07,CRM,250.9816
2026-01-08,CRM,253.3315
2026-01-09,CRM,258.3626
2026-01-12,CRM,253.5582
2026-01-13,CRM,244.2721
2026-01-14,CRM,240.6718
2026-01-15,CRM,244.1845
2026-01-16,CRM,242.1374
2026-01-19,CRM,232.3849
2026-01-20,CRM,228.5713
2026-01-21,CRM,225.8614
2026-01-22,CRM,223.3071
2026-01-23,CRM,218.9593
2026-01-26,CRM,218.9389
2026-01-27,CRM,216.0545
2026-01-28,CRM,214.4099
2026-01-29,CRM,216.6699
2026-01-30,CRM,218.9433
2026-02-02,CRM,216.4846
2026-02-03,CRM,213.399
2026-02-04,CRM,213.3981
2026-02-05,CRM,210.7376
2026-02-06,CRM,216.0257
2026-02-09,CRM,214.931
2026-02-10,CRM,216.7507
2026-02-11,CRM,218.4567
2026-02-12,CRM,215.591
2026-02-13,CRM,210.5129
2026-02-16,CRM,217.8825
2026-02-17,CRM,219.3136
2026-02-18,CRM,223.3601
2026-02-19,CRM,226.2133
2026-02-20,CRM,226.8994
2026-02-23,CRM,227.3376
2026-02-24,CRM,221.6538
2026-02-25,CRM,229.2356
2026-02-26,CRM,227.5373
2026-02-27,CRM,230.9653
2026-03-02,CRM,228.9994
2026-03-03,CRM,232.7686
2026-03-04,CRM,241.6492
2026-03-05,CRM,246.2626
2026-03-06,CRM,239.4319
2026-03-09,CRM,235.7478
2026-03-10,CRM,239.7516
2026-03-11,CRM,247.4042
2026-03-12,CRM,250.9511
2026-03-13,CRM,252.8608
2026-03-16,CRM,260.0
2026-03-17,CRM,264.2557
2026-03-18,CRM,268.5883
2026-03-19,CRM,271.0988
2026-03-20,CRM,268.5366
2026-03-23,CRM,275.8377
2026-03-24,CRM,282.1831
2026-03-25,CRM,284.8932
2026-03-26,CRM,274.2446
2026-03-27,CRM,271.4362
2026-03-30,CRM,265.507
2026-03-31,CRM,263.6157
2026-04-01,CRM,264.8404
2026-04-02,CRM,273.3269
2026-04-03,CRM,268.0244
2026-04-06,CRM,267.4542
2026-04-07,CRM,263.464
2026-04-08,CRM,257.6205
2026-04-09,CRM,250.6912
2026-04-10,CRM,251.5851
2026-04-13,CRM,247.0357
2026-04-14,CRM,259.06
2026-04-15,CRM,253.4078
2026-04-16,CRM,256.5668
2026-04-17,CRM,260.8267
2026-04-20,CRM,251.3643
2026-04-21,CRM,256.6186
2026-04-22,CRM,257.7127
2026-04-23,CRM,256.3249
2026-04-24,CRM,257.435
2026-04-27,CRM,254.5404
2026-04-28,CRM,259.4336
2026-04-29,CRM,260.8228
2026-04-30,CRM,264.8346
2026-05-01,CRM,266.8529
2026-05-04,CRM,264.3782
2026-05-05,CRM,268.9465
2026-05-06,CRM,265.3794
2026-05-07,CRM,267.1208
2026-05-08,CRM,268.9538
2026-05-11,CRM,263.6064
2026-05-12,CRM,258.0984
2026-05-13,CRM,252.5752
2026-05-14,CRM,250.1394
2026-05-15,CRM,246.0924
2026-05-18,CRM,237.2635
2026-05-19,CRM,239.5059
2026-05-20,CRM,239.1903
2026-05-21,CRM,233.5292
2026-05-22,CRM,227.58
2026-05-25,CRM,235.1718
2026-05-26,CRM,233.774
2026-05-27,CRM,242.4214
2026-05-28,CRM,250.3114
2026-05-29,CRM,246.1061
2026-06-01,CRM,245.3459
2026-06-02,CRM,248.5032
2026-06-03,CRM,252.6902
2026-06-04,CRM,247.5807
2026-06-05,CRM,248.7491
2026-06-08,CRM,254.2489
2026-06-09,CRM,250.8189
2026-06-10,CRM,251.4095
2026-06-11,CRM,251.3876
2026-06-12,CRM,245.9605
2026-06-15,CRM,242.3605
2026-06-16,CRM,240.4218
2026-06-17,CRM,241.0927
2026-06-18,CRM,239.7876
2026-06-19,CRM,246.3902
2025-11-03,ADBE,515.5313
2025-11-04,ADBE,524.4528
2025-11-05,ADBE,534.6169
2025-11-06,ADBE,515.65
2025-11-07,ADBE,526.4672
2025-11-10,ADBE,523.5404
2025-11-11,ADBE,533.5317
2025-11-12,ADBE,543.2138
2025-11-13,ADBE,560.7112
2025-11-14,ADBE,564.1616
2025-11-17,ADBE,573.2474
2025-11-18,ADBE,575.0295
2025-11-19,ADBE,572.7623
2025-11-20,ADBE,578.8661
2025-11-21,ADBE,582.0762
2025-11-24,ADBE,570.3992
2025-11-25,ADBE,579.1246
2025-11-26,ADBE,572.4924
2025-11-27,ADBE,573.6606
2025-11-28,ADBE,571.8308
2025-12-01,ADBE,579.4884
2025-12-02,ADBE,574.8919
2025-12-03,ADBE,570.389
2025-12-04,ADBE,554.4674
2025-12-05,ADBE,559.8683
2025-12-08,ADBE,555.9722
2025-12-09,ADBE,547.0143
2025-12-10,ADBE,559.9409
2025-12-11,ADBE,557.1642
2025-12-12,ADBE,568.092
2025-12-15,ADBE,568.3718
2025-12-16,ADBE,561.2024
2025-12-17,ADBE,547.8807
2025-12-18,ADBE,542.5231
2025-12-19,ADBE,554.9552
2025-12-22,ADBE,543.1118
2025-12-23,ADBE,544.6912
2025-12-24,ADBE,539.5513
2025-12-25,ADBE,547.9686
2025-12-26,ADBE,531.0808
2025-12-29,ADBE,516.211
2025-12-30,ADBE,504.6521
2025-12-31,ADBE,509.1414
2026-01-01,ADBE,500.5126
2026-01-02,ADBE,502.8532
2026-01-05,ADBE,483.6732
2026-01-06,ADBE,468.4961
2026-01-07,ADBE,462.3468
2026-01-08,ADBE,460.6821
2026-01-09,ADBE,462.1802
2026-01-12,ADBE,454.3836
2026-01-13,ADBE,460.0402
2026-01-14,ADBE,460.4845
2026-01-15,ADBE,468.1199
2026-01-16,ADBE,467.4906
2026-01-19,ADBE,475.5437
2026-01-20,ADBE,480.3685
2026-01-21,ADBE,482.586
2026-01-22,ADBE,476.2065
2026-01-23,ADBE,471.9123
2026-01-26,ADBE,473.5332
2026-01-27,ADBE,466.5792
2026-01-28,ADBE,463.7805
2026-01-29,ADBE,469.2055
2026-01-30,ADBE,477.4062
2026-02-02,ADBE,468.1233
2026-02-03,ADBE,464.764
2026-02-04,ADBE,467.0835
2026-02-05,ADBE,454.2982
2026-02-06,ADBE,469.444
2026-02-09,ADBE,482.103
2026-02-10,ADBE,475.6322
2026-02-11,ADBE,467.341
2026-02-12,ADBE,455.0694
2026-02-13,ADBE,463.2415
2026-02-16,ADBE,462.4739
2026-02-17,ADBE,460.2457
2026-02-18,ADBE,475.3064
2026-02-19,ADBE,486.4033
2026-02-20,ADBE,494.8
2026-02-23,ADBE,499.3413
2026-02-24,ADBE,490.5567
2026-02-25,ADBE,483.4302
2026-02-26,ADBE,491.7744
2026-02-27,ADBE,486.1406
2026-03-02,ADBE,487.9094
2026-03-03,ADBE,484.682
2026-03-04,ADBE,495.2149
2026-03-05,ADBE,492.111
2026-03-06,ADBE,491.6159
2026-03-09,ADBE,482.4208
2026-03-10,ADBE,475.437
2026-03-11,ADBE,470.5942
2026-03-12,ADBE,473.8593
2026-03-13,ADBE,474.1082
2026-03-16,ADBE,475.7324
2026-03-17,ADBE,476.4921
2026-03-18,ADBE,481.8194
2026-03-19,ADBE,491.5649
2026-03-20,ADBE,487.4641
2026-03-23,ADBE,498.4883
2026-03-24,ADBE,497.271
2026-03-25,ADBE,497.4767
2026-03-26,ADBE,505.8121
2026-03-27,ADBE,521.5903
2026-03-30,ADBE,509.5429
2026-03-31,ADBE,518.4831
2026-04-01,ADBE,520.5875
2026-04-02,ADBE,529.9112
2026-04-03,ADBE,532.8848
2026-04-06,ADBE,530.0549
2026-04-07,ADBE,515.8534
2026-04-08,ADBE,503.844
2026-04-09,ADBE,512.319
2026-04-10,ADBE,510.3093
2026-04-13,ADBE,511.7389
2026-04-14,ADBE,525.4031
2026-04-15,ADBE,515.4489
2026-04-16,ADBE,535.9028
2026-04-17,ADBE,540.9795
2026-04-20,ADBE,543.2272
2026-04-21,ADBE,546.9296
2026-04-22,ADBE,535.7521
2026-04-23,ADBE,538.1941
2026-04-24,ADBE,538.2047
2026-04-27,ADBE,527.3898
2026-04-28,ADBE,548.1728
2026-04-29,ADBE,567.1648
2026-04-30,ADBE,583.7964
2026-05-01,ADBE,571.7733
2026-05-04,ADBE,569.6996
2026-05-05,ADBE,557.6909
2026-05-06,ADBE,558.6817
2026-05-07,ADBE,566.8316
2026-05-08,ADBE,565.0749
2026-05-11,ADBE,583.4844
2026-05-12,ADBE,564.3024
2026-05-13,ADBE,559.7387
2026-05-14,ADBE,543.5882
2026-05-15,ADBE,525.6768
2026-05-18,ADBE,527.3476
2026-05-19,ADBE,535.8451
2026-05-20,ADBE,553.5482
2026-05-21,ADBE,552.018
2026-05-22,ADBE,563.4018
2026-05-25,ADBE,569.2829
2026-05-26,ADBE,568.7563
2026-05-27,ADBE,592.0087
2026-05-28,ADBE,601.8007
2026-05-29,ADBE,614.4076
2026-06-01,ADBE,623.2543
2026-06-02,ADBE,635.32
2026-06-03,ADBE,627.3661
2026-06-04,ADBE,618.7666
2026-06-05,ADBE,614.7004
2026-06-08,ADBE,625.6501
2026-06-09,ADBE,643.0643
2026-06-10,ADBE,646.8747
2026-06-11,ADBE,649.6682
2026-06-12,ADBE,631.5577
2026-06-15,ADBE,640.5711
2026-06-16,ADBE,630.9945
2026-06-17,ADBE,632.6928
2026-06-18,ADBE,660.0078
2026-06-19,ADBE,673.3926
2025-11-03,ORCL,172.6129
2025-11-04,ORCL,171.0121
2025-11-05,ORCL,172.8842
2025-11-06,ORCL,174.5862
2025-11-07,ORCL,176.607
2025-11-10,ORCL,177.5413
2025-11-11,ORCL,180.3624
2025-11-12,ORCL,182.988
2025-11-13,ORCL,180.8455
2025-11-14,ORCL,174.6304
2025-11-17,ORCL,181.1835
2025-11-18,ORCL,181.3243
2025-11-19,ORCL,174.7509
2025-11-20,ORCL,174.6268
2025-11-21,ORCL,175.0065
2025-11-24,ORCL,171.5485
2025-11-25,ORCL,175.7761
2025-11-26,ORCL,172.0686
2025-11-27,ORCL,171.6741
2025-11-28,ORCL,167.1757
2025-12-01,ORCL,172.0007
2025-12-02,ORCL,169.1759
2025-12-03,ORCL,165.2422
2025-12-04,ORCL,164.8144
2025-12-05,ORCL,165.0667
2025-12-08,ORCL,160.0841
2025-12-09,ORCL,159.7557
2025-12-10,ORCL,161.2307
2025-12-11,ORCL,161.4994
2025-12-12,ORCL,163.8841
2025-12-15,ORCL,165.4242
2025-12-16,ORCL,166.1875
2025-12-17,ORCL,163.8683
2025-12-18,ORCL,164.0154
2025-12-19,ORCL,164.3489
2025-12-22,ORCL,163.4347
2025-12-23,ORCL,164.3907
2025-12-24,ORCL,163.7975
2025-12-25,ORCL,165.6932
2025-12-26,ORCL,162.4727
2025-12-29,ORCL,158.9338
2025-12-30,ORCL,160.0322
2025-12-31,ORCL,158.1842
2026-01-01,ORCL,155.6223
2026-01-02,ORCL,154.8873
2026-01-05,ORCL,151.3757
2026-01-06,ORCL,150.8544
2026-01-07,ORCL,150.505
2026-01-08,ORCL,151.5837
2026-01-09,ORCL,151.9874
2026-01-12,ORCL,152.3247
2026-01-13,ORCL,154.5941
2026-01-14,ORCL,155.8726
2026-01-15,ORCL,155.4568
2026-01-16,ORCL,154.1381
2026-01-19,ORCL,150.2776
2026-01-20,ORCL,148.8307
2026-01-21,ORCL,153.7478
2026-01-22,ORCL,151.2743
2026-01-23,ORCL,152.3923
2026-01-26,ORCL,154.0745
2026-01-27,ORCL,151.4611
2026-01-28,ORCL,147.4571
2026-01-29,ORCL,145.1981
2026-01-30,ORCL,148.9383
2026-02-02,ORCL,150.2798
2026-02-03,ORCL,152.8647
2026-02-04,ORCL,153.8199
2026-02-05,ORCL,155.115
2026-02-06,ORCL,154.9556
2026-02-09,ORCL,159.9894
2026-02-10,ORCL,161.7642
2026-02-11,ORCL,161.612
2026-02-12,ORCL,166.9135
2026-02-13,ORCL,173.9824
2026-02-16,ORCL,174.6405
2026-02-17,ORCL,176.2938
2026-02-18,ORCL,177.5642
2026-02-19,ORCL,178.1794
2026-02-20,ORCL,183.5941
2026-02-23,ORCL,181.2167
2026-02-24,ORCL,179.3297
2026-02-25,ORCL,182.8517
2026-02-26,ORCL,182.2268
2026-02-27,ORCL,187.0128
2026-03-02,ORCL,188.366
2026-03-03,ORCL,187.5439
2026-03-04,ORCL,190.5212
2026-03-05,ORCL,190.7113
2026-03-06,ORCL,190.9636
2026-03-09,ORCL,194.4612
2026-03-10,ORCL,186.3281
2026-03-11,ORCL,190.6223
2026-03-12,ORCL,185.7719
2026-03-13,ORCL,181.2781
2026-03-16,ORCL,184.0057
2026-03-17,ORCL,186.2771
2026-03-18,ORCL,189.1208
2026-03-19,ORCL,185.832
2026-03-20,ORCL,181.7706
2026-03-23,ORCL,182.177
2026-03-24,ORCL,177.4909
2026-03-25,ORCL,179.0415
2026-03-26,ORCL,178.2129
2026-03-27,ORCL,178.0791
2026-03-30,ORCL,169.3864
2026-03-31,ORCL,164.4053
2026-04-01,ORCL,164.6122
2026-04-02,ORCL,165.4755
2026-04-03,ORCL,167.1656
2026-04-06,ORCL,166.3381
2026-04-07,ORCL,163.7557
2026-04-08,ORCL,161.5319
2026-04-09,ORCL,163.2866
2026-04-10,ORCL,162.8546
2026-04-13,ORCL,167.5578
2026-04-14,ORCL,170.0051
2026-04-15,ORCL,168.2435
2026-04-16,ORCL,168.962
2026-04-17,ORCL,169.2833
2026-04-20,ORCL,168.4103
2026-04-21,ORCL,165.952
2026-04-22,ORCL,164.9329
2026-04-23,ORCL,165.3166
2026-04-24,ORCL,162.7785
2026-04-27,ORCL,155.6492
2026-04-28,ORCL,156.7741
2026-04-29,ORCL,157.4014
2026-04-30,ORCL,160.709
2026-05-01,ORCL,157.2726
2026-05-04,ORCL,155.5295
2026-05-05,ORCL,156.2714
2026-05-06,ORCL,154.1182
2026-05-07,ORCL,155.0988
2026-05-08,ORCL,156.1768
2026-05-11,ORCL,155.1161
2026-05-12,ORCL,154.1505
2026-05-13,ORCL,153.1386
2026-05-14,ORCL,152.1892
2026-05-15,ORCL,153.9899
2026-05-18,ORCL,153.5357
2026-05-19,ORCL,156.4958
2026-05-20,ORCL,156.4896
2026-05-21,ORCL,156.4688
2026-05-22,ORCL,155.0004
2026-05-25,ORCL,159.1061
2026-05-26,ORCL,157.9911
2026-05-27,ORCL,160.2358
2026-05-28,ORCL,162.4989
2026-05-29,ORCL,161.5758
2026-06-01,ORCL,162.4671
2026-06-02,ORCL,168.5433
2026-06-03,ORCL,166.9978
2026-06-04,ORCL,165.714
2026-06-05,ORCL,164.8673
2026-06-08,ORCL,164.3968
2026-06-09,ORCL,164.9385
2026-06-10,ORCL,166.0576
2026-06-11,ORCL,162.5727
2026-06-12,ORCL,161.101
2026-06-15,ORCL,160.6862
2026-06-16,ORCL,168.7729
2026-06-17,ORCL,170.8641
2026-06-18,ORCL,172.9439
2026-06-19,ORCL,173.0058
2025-11-03,QCOM,168.0852
2025-11-04,QCOM,161.479
2025-11-05,QCOM,160.6
2025-11-06,QCOM,156.5899
2025-11-07,QCOM,157.0007
2025-11-10,QCOM,156.2457
2025-11-11,QCOM,163.6589
2025-11-12,QCOM,167.0484
2025-11-13,QCOM,169.0315
2025-11-14,QCOM,161.5717
2025-11-17,QCOM,170.1856
2025-11-18,QCOM,170.8589
2025-11-19,QCOM,167.0127
2025-11-20,QCOM,167.881
2025-11-21,QCOM,168.2872
2025-11-24,QCOM,169.0193
2025-11-25,QCOM,170.468
2025-11-26,QCOM,170.7026
2025-11-27,QCOM,172.0514
2025-11-28,QCOM,175.4942
2025-12-01,QCOM,176.7453
2025-12-02,QCOM,176.4574
2025-12-03,QCOM,175.3914
2025-12-04,QCOM,167.952
2025-12-05,QCOM,164.508
2025-12-08,QCOM,153.3935
2025-12-09,QCOM,153.9757
2025-12-10,QCOM,151.2929
2025-12-11,QCOM,151.2967
2025-12-12,QCOM,154.3967
2025-12-15,QCOM,152.3421
2025-12-16,QCOM,151.7662
2025-12-17,QCOM,148.5391
2025-12-18,QCOM,147.9797
2025-12-19,QCOM,149.6884
2025-12-22,QCOM,154.0867
2025-12-23,QCOM,150.9406
2025-12-24,QCOM,149.1688
2025-12-25,QCOM,152.7974
2025-12-26,QCOM,150.8186
2025-12-29,QCOM,146.1989
2025-12-30,QCOM,145.7662
2025-12-31,QCOM,146.6084
2026-01-01,QCOM,147.7329
2026-01-02,QCOM,144.6295
2026-01-05,QCOM,142.2967
2026-01-06,QCOM,143.6042
2026-01-07,QCOM,145.0073
2026-01-08,QCOM,144.8056
2026-01-09,QCOM,147.1374
2026-01-12,QCOM,143.1284
2026-01-13,QCOM,144.7393
2026-01-14,QCOM,144.7012
2026-01-15,QCOM,144.7975
2026-01-16,QCOM,143.8167
2026-01-19,QCOM,143.1892
2026-01-20,QCOM,144.8104
2026-01-21,QCOM,147.0761
2026-01-22,QCOM,147.7406
2026-01-23,QCOM,149.3198
2026-01-26,QCOM,152.6969
2026-01-27,QCOM,152.5183
2026-01-28,QCOM,154.3335
2026-01-29,QCOM,153.492
2026-01-30,QCOM,150.0428
2026-02-02,QCOM,151.8716
2026-02-03,QCOM,152.9233
2026-02-04,QCOM,155.1715
2026-02-05,QCOM,160.4087
2026-02-06,QCOM,163.3715
2026-02-09,QCOM,166.4311
2026-02-10,QCOM,162.0903
2026-02-11,QCOM,160.5122
2026-02-12,QCOM,157.9067
2026-02-13,QCOM,155.8635
2026-02-16,QCOM,162.3488
2026-02-17,QCOM,162.2388
2026-02-18,QCOM,160.0145
2026-02-19,QCOM,157.7366
2026-02-20,QCOM,155.6931
2026-02-23,QCOM,155.8205
2026-02-24,QCOM,153.8248
2026-02-25,QCOM,150.4102
2026-02-26,QCOM,148.7935
2026-02-27,QCOM,143.9624
2026-03-02,QCOM,144.4371
2026-03-03,QCOM,147.541
2026-03-04,QCOM,151.2584
2026-03-05,QCOM,148.0816
2026-03-06,QCOM,143.6795
2026-03-09,QCOM,145.0556
2026-03-10,QCOM,142.7216
2026-03-11,QCOM,142.6565
2026-03-12,QCOM,139.6663
2026-03-13,QCOM,144.6452
2026-03-16,QCOM,147.6523
2026-03-17,QCOM,145.9554
2026-03-18,QCOM,150.1005
2026-03-19,QCOM,146.6039
2026-03-20,QCOM,144.1365
2026-03-23,QCOM,148.4568
2026-03-24,QCOM,145.7154
2026-03-25,QCOM,143.455
2026-03-26,QCOM,140.4933
2026-03-27,QCOM,138.4651
2026-03-30,QCOM,138.0154
2026-03-31,QCOM,141.6636
2026-04-01,QCOM,147.745
2026-04-02,QCOM,154.3563
2026-04-03,QCOM,156.5359
2026-04-06,QCOM,152.793
2026-04-07,QCOM,149.3083
2026-04-08,QCOM,150.7937
2026-04-09,QCOM,150.6161
2026-04-10,QCOM,149.1565
2026-04-13,QCOM,147.9509
2026-04-14,QCOM,152.0173
2026-04-15,QCOM,144.7541
2026-04-16,QCOM,145.1127
2026-04-17,QCOM,147.2207
2026-04-20,QCOM,148.4749
2026-04-21,QCOM,152.4701
2026-04-22,QCOM,150.7308
2026-04-23,QCOM,146.5393
2026-04-24,QCOM,145.604
2026-04-27,QCOM,144.052
2026-04-28,QCOM,143.0184
2026-04-29,QCOM,142.9518
2026-04-30,QCOM,143.7365
2026-05-01,QCOM,142.7765
2026-05-04,QCOM,143.8855
2026-05-05,QCOM,143.9816
2026-05-06,QCOM,142.359
2026-05-07,QCOM,144.1936
2026-05-08,QCOM,144.1861
2026-05-11,QCOM,142.4612
2026-05-12,QCOM,135.6357
2026-05-13,QCOM,134.2731
2026-05-14,QCOM,137.0412
2026-05-15,QCOM,137.9794
2026-05-18,QCOM,135.3553
2026-05-19,QCOM,140.2208
2026-05-20,QCOM,139.568
2026-05-21,QCOM,142.7709
2026-05-22,QCOM,143.2766
2026-05-25,QCOM,150.114
2026-05-26,QCOM,148.6929
2026-05-27,QCOM,152.2073
2026-05-28,QCOM,152.6567
2026-05-29,QCOM,150.3548
2026-06-01,QCOM,152.7336
2026-06-02,QCOM,152.6451
2026-06-03,QCOM,157.4932
2026-06-04,QCOM,151.6091
2026-06-05,QCOM,154.7296
2026-06-08,QCOM,153.5507
2026-06-09,QCOM,158.9368
2026-06-10,QCOM,157.58
2026-06-11,QCOM,155.7068
2026-06-12,QCOM,153.6064
2026-06-15,QCOM,154.7424
2026-06-16,QCOM,155.0596
2026-06-17,QCOM,156.8164
2026-06-18,QCOM,154.4534
2026-06-19,QCOM,155.6476
2025-11-03,ASML,673.2786
2025-11-04,ASML,667.6133
2025-11-05,ASML,691.7122
2025-11-06,ASML,712.1031
2025-11-07,ASML,717.1501
2025-11-10,ASML,713.1466
2025-11-11,ASML,727.7495
2025-11-12,ASML,739.5694
2025-11-13,ASML,737.9011
2025-11-14,ASML,737.2223
2025-11-17,ASML,745.3812
2025-11-18,ASML,750.3151
2025-11-19,ASML,743.1416
2025-11-20,ASML,759.9418
2025-11-21,ASML,765.6145
2025-11-24,ASML,755.3388
2025-11-25,ASML,762.6328
2025-11-26,ASML,735.3302
2025-11-27,ASML,749.9112
2025-11-28,ASML,743.9035
2025-12-01,ASML,733.8692
2025-12-02,ASML,722.7601
2025-12-03,ASML,707.1449
2025-12-04,ASML,697.4899
2025-12-05,ASML,707.9708
2025-12-08,ASML,696.5557
2025-12-09,ASML,682.7714
2025-12-10,ASML,684.3519
2025-12-11,ASML,655.1547
2025-12-12,ASML,661.5243
2025-12-15,ASML,652.5086
2025-12-16,ASML,654.7413
2025-12-17,ASML,661.0405
2025-12-18,ASML,659.2087
2025-12-19,ASML,653.2764
2025-12-22,ASML,661.3196
2025-12-23,ASML,667.1241
2025-12-24,ASML,676.6067
2025-12-25,ASML,697.6287
2025-12-26,ASML,682.0614
2025-12-29,ASML,658.3814
2025-12-30,ASML,660.5003
2025-12-31,ASML,666.6723
2026-01-01,ASML,679.4751
2026-01-02,ASML,684.8864
2026-01-05,ASML,690.1103
2026-01-06,ASML,691.2562
2026-01-07,ASML,688.4139
2026-01-08,ASML,669.1904
2026-01-09,ASML,662.3943
2026-01-12,ASML,665.4433
2026-01-13,ASML,677.2712
2026-01-14,ASML,664.506
2026-01-15,ASML,647.0896
2026-01-16,ASML,665.1628
2026-01-19,ASML,663.3262
2026-01-20,ASML,637.347
2026-01-21,ASML,642.7496
2026-01-22,ASML,654.8547
2026-01-23,ASML,625.9432
2026-01-26,ASML,627.8065
2026-01-27,ASML,620.5545
2026-01-28,ASML,620.7878
2026-01-29,ASML,624.8654
2026-01-30,ASML,619.2073
2026-02-02,ASML,602.3287
2026-02-03,ASML,595.3355
2026-02-04,ASML,614.7543
2026-02-05,ASML,624.7896
2026-02-06,ASML,625.6974
2026-02-09,ASML,653.1546
2026-02-10,ASML,649.6409
2026-02-11,ASML,640.5523
2026-02-12,ASML,624.322
2026-02-13,ASML,620.5036
2026-02-16,ASML,648.9025
2026-02-17,ASML,655.5631
2026-02-18,ASML,652.5146
2026-02-19,ASML,669.3034
2026-02-20,ASML,685.9737
2026-02-23,ASML,690.6094
2026-02-24,ASML,701.6458
2026-02-25,ASML,722.6195
2026-02-26,ASML,719.6218
2026-02-27,ASML,700.5694
2026-03-02,ASML,690.1796
2026-03-03,ASML,670.7262
2026-03-04,ASML,670.1198
2026-03-05,ASML,695.1834
2026-03-06,ASML,677.6852
2026-03-09,ASML,663.8686
2026-03-10,ASML,676.1363
2026-03-11,ASML,678.9337
2026-03-12,ASML,687.233
2026-03-13,ASML,714.8507
2026-03-16,ASML,699.2397
2026-03-17,ASML,691.1492
2026-03-18,ASML,695.659
2026-03-19,ASML,693.965
2026-03-20,ASML,683.0929
2026-03-23,ASML,694.6498
2026-03-24,ASML,679.6827
2026-03-25,ASML,675.7433
2026-03-26,ASML,660.828
2026-03-27,ASML,651.3813
2026-03-30,ASML,646.1668
2026-03-31,ASML,660.0151
2026-04-01,ASML,671.1458
2026-04-02,ASML,691.169
2026-04-03,ASML,676.8014
2026-04-06,ASML,678.3936
2026-04-07,ASML,679.7251
2026-04-08,ASML,663.1457
2026-04-09,ASML,692.2455
2026-04-10,ASML,680.9788
2026-04-13,ASML,694.3503
2026-04-14,ASML,704.6038
2026-04-15,ASML,690.3056
2026-04-16,ASML,694.9255
2026-04-17,ASML,720.9446
2026-04-20,ASML,711.0953
2026-04-21,ASML,722.7684
2026-04-22,ASML,733.2257
2026-04-23,ASML,736.1292
2026-04-24,ASML,741.9834
2026-04-27,ASML,720.9104
2026-04-28,ASML,713.8586
2026-04-29,ASML,729.275
2026-04-30,ASML,732.5694
2026-05-01,ASML,704.3325
2026-05-04,ASML,722.1094
2026-05-05,ASML,703.5091
2026-05-06,ASML,718.026
2026-05-07,ASML,699.1984
2026-05-08,ASML,694.167
2026-05-11,ASML,699.8973
2026-05-12,ASML,693.4872
2026-05-13,ASML,697.6251
2026-05-14,ASML,701.4254
2026-05-15,ASML,696.0739
2026-05-18,ASML,664.3088
2026-05-19,ASML,679.4378
2026-05-20,ASML,677.9812
2026-05-21,ASML,671.829
2026-05-22,ASML,677.4527
2026-05-25,ASML,711.7646
2026-05-26,ASML,693.2634
2026-05-27,ASML,705.1869
2026-05-28,ASML,713.1728
2026-05-29,ASML,690.6991
2026-06-01,ASML,700.1235
2026-06-02,ASML,707.5399
2026-06-03,ASML,687.9577
2026-06-04,ASML,686.857
2026-06-05,ASML,700.8939
2026-06-08,ASML,704.6312
2026-06-09,ASML,690.8299
2026-06-10,ASML,676.4088
2026-06-11,ASML,674.1575
2026-06-12,ASML,683.9076
2026-06-15,ASML,669.4084
2026-06-16,ASML,673.6045
2026-06-17,ASML,677.9105
2026-06-18,ASML,689.2205
2026-06-19,ASML,708.202
2025-11-03,SAP,201.1049
2025-11-04,SAP,204.9494
2025-11-05,SAP,211.2512
2025-11-06,SAP,207.9158
2025-11-07,SAP,212.8075
2025-11-10,SAP,212.3384
2025-11-11,SAP,213.3512
2025-11-12,SAP,212.3459
2025-11-13,SAP,216.063
2025-11-14,SAP,209.9337
2025-11-17,SAP,209.5442
2025-11-18,SAP,209.5291
2025-11-19,SAP,205.236
2025-11-20,SAP,201.3557
2025-11-21,SAP,202.3357
2025-11-24,SAP,198.3836
2025-11-25,SAP,196.8327
2025-11-26,SAP,197.0902
2025-11-27,SAP,200.7164
2025-11-28,SAP,196.718
2025-12-01,SAP,198.7623
2025-12-02,SAP,196.5888
2025-12-03,SAP,199.658
2025-12-04,SAP,199.3661
2025-12-05,SAP,196.1382
2025-12-08,SAP,199.1298
2025-12-09,SAP,194.5662
2025-12-10,SAP,189.9673
2025-12-11,SAP,189.5511
2025-12-12,SAP,191.2873
2025-12-15,SAP,188.5909
2025-12-16,SAP,184.7461
2025-12-17,SAP,185.8548
2025-12-18,SAP,187.5145
2025-12-19,SAP,187.8536
2025-12-22,SAP,192.9202
2025-12-23,SAP,189.8878
2025-12-24,SAP,188.7125
2025-12-25,SAP,188.3793
2025-12-26,SAP,184.1971
2025-12-29,SAP,180.9572
2025-12-30,SAP,182.4229
2025-12-31,SAP,182.0522
2026-01-01,SAP,182.5352
2026-01-02,SAP,182.1653
2026-01-05,SAP,184.6132
2026-01-06,SAP,179.321
2026-01-07,SAP,177.5
2026-01-08,SAP,180.2993
2026-01-09,SAP,184.0077
2026-01-12,SAP,183.9902
2026-01-13,SAP,185.047
2026-01-14,SAP,188.4355
2026-01-15,SAP,188.6559
2026-01-16,SAP,187.3279
2026-01-19,SAP,185.5807
2026-01-20,SAP,186.9944
2026-01-21,SAP,187.1884
2026-01-22,SAP,182.0781
2026-01-23,SAP,176.9793
2026-01-26,SAP,171.8575
2026-01-27,SAP,171.9563
2026-01-28,SAP,172.7501
2026-01-29,SAP,174.8198
2026-01-30,SAP,174.2316
2026-02-02,SAP,167.0515
2026-02-03,SAP,168.5431
2026-02-04,SAP,169.9036
2026-02-05,SAP,168.75
2026-02-06,SAP,172.5583
2026-02-09,SAP,172.6651
2026-02-10,SAP,173.0896
2026-02-11,SAP,170.5841
2026-02-12,SAP,169.1148
2026-02-13,SAP,172.3053
2026-02-16,SAP,172.3422
2026-02-17,SAP,174.1038
2026-02-18,SAP,175.3925
2026-02-19,SAP,175.4372
2026-02-20,SAP,177.7925
2026-02-23,SAP,182.1592
2026-02-24,SAP,178.9936
2026-02-25,SAP,180.0619
2026-02-26,SAP,180.8641
2026-02-27,SAP,178.8902
2026-03-02,SAP,181.4338
2026-03-03,SAP,181.7136
2026-03-04,SAP,185.4034
2026-03-05,SAP,186.7465
2026-03-06,SAP,183.2223
2026-03-09,SAP,180.6662
2026-03-10,SAP,179.4796
2026-03-11,SAP,182.4196
2026-03-12,SAP,181.9846
2026-03-13,SAP,183.0215
2026-03-16,SAP,184.7836
2026-03-17,SAP,191.4657
2026-03-18,SAP,194.2763
2026-03-19,SAP,196.2137
2026-03-20,SAP,193.2552
2026-03-23,SAP,193.321
2026-03-24,SAP,195.3166
2026-03-25,SAP,193.3743
2026-03-26,SAP,191.2958
2026-03-27,SAP,192.1916
2026-03-30,SAP,189.1483
2026-03-31,SAP,191.3289
2026-04-01,SAP,190.6539
2026-04-02,SAP,191.4476
2026-04-03,SAP,190.3748
2026-04-06,SAP,188.9794
2026-04-07,SAP,189.7087
2026-04-08,SAP,188.4764
2026-04-09,SAP,185.755
2026-04-10,SAP,183.528
2026-04-13,SAP,183.0949
2026-04-14,SAP,189.7229
2026-04-15,SAP,184.7241
2026-04-16,SAP,185.2621
2026-04-17,SAP,188.3385
2026-04-20,SAP,182.8
2026-04-21,SAP,183.0732
2026-04-22,SAP,183.8766
2026-04-23,SAP,184.81
2026-04-24,SAP,183.9277
2026-04-27,SAP,181.2285
2026-04-28,SAP,183.9686
2026-04-29,SAP,185.879
2026-04-30,SAP,186.1116
2026-05-01,SAP,189.1297
2026-05-04,SAP,188.8735
2026-05-05,SAP,186.7745
2026-05-06,SAP,187.4288
2026-05-07,SAP,183.9978
2026-05-08,SAP,182.3132
2026-05-11,SAP,179.8856
2026-05-12,SAP,180.7472
2026-05-13,SAP,179.1267
2026-05-14,SAP,182.6089
2026-05-15,SAP,182.3869
2026-05-18,SAP,181.898
2026-05-19,SAP,182.5708
2026-05-20,SAP,182.839
2026-05-21,SAP,184.053
2026-05-22,SAP,185.5432
2026-05-25,SAP,187.7603
2026-05-26,SAP,184.9633
2026-05-27,SAP,189.4928
2026-05-28,SAP,190.8563
2026-05-29,SAP,190.0899
2026-06-01,SAP,186.0349
2026-06-02,SAP,186.4508
2026-06-03,SAP,188.4264
2026-06-04,SAP,189.1154
2026-06-05,SAP,192.7391
2026-06-08,SAP,195.2346
2026-06-09,SAP,192.5455
2026-06-10,SAP,192.1579
2026-06-11,SAP,190.3063
2026-06-12,SAP,190.3391
2026-06-15,SAP,195.7065
2026-06-16,SAP,198.3161
2026-06-17,SAP,195.7395
2026-06-18,SAP,197.8594
2026-06-19,SAP,203.2746
2025-11-03,0700,413.66
2025-11-04,0700,420.9329
2025-11-05,0700,428.6129
2025-11-06,0700,419.171
2025-11-07,0700,415.0089
2025-11-10,0700,416.1742
2025-11-11,0700,421.1559
2025-11-12,0700,435.7548
2025-11-13,0700,457.1728
2025-11-14,0700,462.4338
2025-11-17,0700,465.937
2025-11-18,0700,467.4213
2025-11-19,0700,459.0869
2025-11-20,0700,464.8587
2025-11-21,0700,460.8925
2025-11-24,0700,440.3385
2025-11-25,0700,435.4123
2025-11-26,0700,430.2931
2025-11-27,0700,437.049
2025-11-28,0700,441.9125
2025-12-01,0700,438.5511
2025-12-02,0700,428.5892
2025-12-03,0700,417.8066
2025-12-04,0700,421.5667
2025-12-05,0700,419.6381
2025-12-08,0700,418.7226
2025-12-09,0700,412.7895
2025-12-10,0700,408.9151
2025-12-11,0700,417.8241
2025-12-12,0700,419.2349
2025-12-15,0700,421.1498
2025-12-16,0700,403.2133
2025-12-17,0700,403.0612
2025-12-18,0700,425.9832
2025-12-19,0700,429.7979
2025-12-22,0700,429.0967
2025-12-23,0700,423.0005
2025-12-24,0700,427.8337
2025-12-25,0700,425.3411
2025-12-26,0700,411.0406
2025-12-29,0700,397.8807
2025-12-30,0700,386.2182
2025-12-31,0700,391.4524
2026-01-01,0700,376.2909
2026-01-02,0700,383.108
2026-01-05,0700,368.158
2026-01-06,0700,358.0588
2026-01-07,0700,356.5039
2026-01-08,0700,353.7177
2026-01-09,0700,369.5274
2026-01-12,0700,367.6206
2026-01-13,0700,373.383
2026-01-14,0700,372.6576
2026-01-15,0700,379.949
2026-01-16,0700,372.3144
2026-01-19,0700,375.2988
2026-01-20,0700,376.576
2026-01-21,0700,387.5949
2026-01-22,0700,391.3209
2026-01-23,0700,378.4052
2026-01-26,0700,371.2354
2026-01-27,0700,378.8889
2026-01-28,0700,390.2593
2026-01-29,0700,398.4668
2026-01-30,0700,414.9512
2026-02-02,0700,420.051
2026-02-03,0700,433.8006
2026-02-04,0700,447.8226
2026-02-05,0700,445.2179
2026-02-06,0700,443.3545
2026-02-09,0700,455.2248
2026-02-10,0700,456.6481
2026-02-11,0700,445.0508
2026-02-12,0700,433.8167
2026-02-13,0700,430.5584
2026-02-16,0700,438.9035
2026-02-17,0700,441.1186
2026-02-18,0700,449.6763
2026-02-19,0700,445.8338
2026-02-20,0700,462.4327
2026-02-23,0700,476.589
2026-02-24,0700,469.7212
2026-02-25,0700,472.7953
2026-02-26,0700,471.0016
2026-02-27,0700,475.8937
2026-03-02,0700,505.9455
2026-03-03,0700,504.349
2026-03-04,0700,502.2461
2026-03-05,0700,507.4377
2026-03-06,0700,506.1
2026-03-09,0700,514.3462
2026-03-10,0700,503.551
2026-03-11,0700,500.69
2026-03-12,0700,506.4141
2026-03-13,0700,501.7773
2026-03-16,0700,536.3966
2026-03-17,0700,515.2496
2026-03-18,0700,517.1132
2026-03-19,0700,510.3102
2026-03-20,0700,494.2978
2026-03-23,0700,504.2086
2026-03-24,0700,501.8912
2026-03-25,0700,501.6519
2026-03-26,0700,513.5181
2026-03-27,0700,512.6528
2026-03-30,0700,505.732
2026-03-31,0700,503.9628
2026-04-01,0700,521.5965
2026-04-02,0700,516.7763
2026-04-03,0700,530.9372
2026-04-06,0700,526.8414
2026-04-07,0700,549.7678
2026-04-08,0700,553.6797
2026-04-09,0700,553.8935
2026-04-10,0700,550.2748
2026-04-13,0700,552.2827
2026-04-14,0700,572.2326
2026-04-15,0700,556.5172
2026-04-16,0700,554.4901
2026-04-17,0700,546.4302
2026-04-20,0700,546.6312
2026-04-21,0700,538.4292
2026-04-22,0700,529.7288
2026-04-23,0700,543.0744
2026-04-24,0700,519.4476
2026-04-27,0700,492.4583
2026-04-28,0700,498.1241
2026-04-29,0700,510.9697
2026-04-30,0700,530.3689
2026-05-01,0700,533.1177
2026-05-04,0700,535.0813
2026-05-05,0700,546.6639
2026-05-06,0700,527.4645
2026-05-07,0700,514.0771
2026-05-08,0700,517.316
2026-05-11,0700,539.3638
2026-05-12,0700,526.1226
2026-05-13,0700,518.7195
2026-05-14,0700,515.2322
2026-05-15,0700,503.4401
2026-05-18,0700,485.0461
2026-05-19,0700,497.3468
2026-05-20,0700,500.5472
2026-05-21,0700,492.2499
2026-05-22,0700,492.3839
2026-05-25,0700,508.147
2026-05-26,0700,496.5785
2026-05-27,0700,497.8064
2026-05-28,0700,489.8263
2026-05-29,0700,483.5555
2026-06-01,0700,492.7584
2026-06-02,0700,491.1051
2026-06-03,0700,489.002
2026-06-04,0700,491.8089
2026-06-05,0700,503.4721
2026-06-08,0700,509.1817
2026-06-09,0700,517.0462
2026-06-10,0700,524.8988
2026-06-11,0700,523.9629
2026-06-12,0700,526.1634
2026-06-15,0700,542.6368
2026-06-16,0700,545.0763
2026-06-17,0700,557.912
2026-06-18,0700,555.9689
2026-06-19,0700,572.2713
2025-11-03,TSM,193.268
2025-11-04,TSM,194.7703
2025-11-05,TSM,197.6828
2025-11-06,TSM,193.4438
2025-11-07,TSM,193.3073
2025-11-10,TSM,194.8897
2025-11-11,TSM,202.864
2025-11-12,TSM,201.5537
2025-11-13,TSM,211.6448
2025-11-14,TSM,212.7452
2025-11-17,TSM,217.8954
2025-11-18,TSM,217.904
2025-11-19,TSM,223.5883
2025-11-20,TSM,227.5115
2025-11-21,TSM,231.2931
2025-11-24,TSM,232.8779
2025-11-25,TSM,234.3587
2025-11-26,TSM,227.1562
2025-11-27,TSM,231.7355
2025-11-28,TSM,223.3842
2025-12-01,TSM,217.8212
2025-12-02,TSM,216.5807
2025-12-03,TSM,220.2068
2025-12-04,TSM,214.7473
2025-12-05,TSM,220.7027
2025-12-08,TSM,213.2146
2025-12-09,TSM,215.5624
2025-12-10,TSM,218.7425
2025-12-11,TSM,219.4385
2025-12-12,TSM,217.5506
2025-12-15,TSM,213.8815
2025-12-16,TSM,208.6407
2025-12-17,TSM,212.7873
2025-12-18,TSM,211.7568
2025-12-19,TSM,210.9229
2025-12-22,TSM,213.1696
2025-12-23,TSM,211.8408
2025-12-24,TSM,205.5765
2025-12-25,TSM,209.9479
2025-12-26,TSM,202.8902
2025-12-29,TSM,202.4226
2025-12-30,TSM,208.7399
2025-12-31,TSM,211.845
2026-01-01,TSM,210.021
2026-01-02,TSM,215.0019
2026-01-05,TSM,213.0136
2026-01-06,TSM,203.3491
2026-01-07,TSM,200.6832
2026-01-08,TSM,199.1865
2026-01-09,TSM,200.6474
2026-01-12,TSM,192.7069
2026-01-13,TSM,200.6823
2026-01-14,TSM,198.3688
2026-01-15,TSM,198.9695
2026-01-16,TSM,194.4114
2026-01-19,TSM,198.3167
2026-01-20,TSM,195.7366
2026-01-21,TSM,192.4886
2026-01-22,TSM,184.6962
2026-01-23,TSM,187.5991
2026-01-26,TSM,183.8533
2026-01-27,TSM,187.9764
2026-01-28,TSM,194.9066
2026-01-29,TSM,192.6298
2026-01-30,TSM,190.8882
2026-02-02,TSM,194.9124
2026-02-03,TSM,194.2771
2026-02-04,TSM,198.9719
2026-02-05,TSM,188.0565
2026-02-06,TSM,187.4665
2026-02-09,TSM,193.7946
2026-02-10,TSM,199.7151
2026-02-11,TSM,194.4434
2026-02-12,TSM,195.4709
2026-02-13,TSM,200.0483
2026-02-16,TSM,205.4144
2026-02-17,TSM,211.6408
2026-02-18,TSM,209.4843
2026-02-19,TSM,210.2974
2026-02-20,TSM,216.0327
2026-02-23,TSM,210.8443
2026-02-24,TSM,210.8441
2026-02-25,TSM,211.9748
2026-02-26,TSM,210.3905
2026-02-27,TSM,204.7155
2026-03-02,TSM,200.6689
2026-03-03,TSM,195.4867
2026-03-04,TSM,194.4414
2026-03-05,TSM,194.4595
2026-03-06,TSM,191.652
2026-03-09,TSM,193.5054
2026-03-10,TSM,192.4229
2026-03-11,TSM,192.9191
2026-03-12,TSM,187.2731
2026-03-13,TSM,187.2499
2026-03-16,TSM,182.1445
2026-03-17,TSM,183.5447
2026-03-18,TSM,184.9052
2026-03-19,TSM,186.0808
2026-03-20,TSM,179.6519
2026-03-23,TSM,178.8047
2026-03-24,TSM,176.0064
2026-03-25,TSM,175.3034
2026-03-26,TSM,172.3602
2026-03-27,TSM,174.406
2026-03-30,TSM,169.0509
2026-03-31,TSM,175.7714
2026-04-01,TSM,173.717
2026-04-02,TSM,176.4339
2026-04-03,TSM,171.7179
2026-04-06,TSM,174.948
2026-04-07,TSM,175.0947
2026-04-08,TSM,178.2292
2026-04-09,TSM,183.6152
2026-04-10,TSM,187.3176
2026-04-13,TSM,189.6331
2026-04-14,TSM,195.9942
2026-04-15,TSM,191.3572
2026-04-16,TSM,196.1608
2026-04-17,TSM,191.9033
2026-04-20,TSM,192.0576
2026-04-21,TSM,187.0156
2026-04-22,TSM,185.5332
2026-04-23,TSM,188.5001
2026-04-24,TSM,186.2907
2026-04-27,TSM,182.5736
2026-04-28,TSM,184.8663
2026-04-29,TSM,191.6815
2026-04-30,TSM,190.3762
2026-05-01,TSM,190.4776
2026-05-04,TSM,196.861
2026-05-05,TSM,196.6449
2026-05-06,TSM,195.7634
2026-05-07,TSM,196.6068
2026-05-08,TSM,199.0835
2026-05-11,TSM,197.6777
2026-05-12,TSM,188.7729
2026-05-13,TSM,184.733
2026-05-14,TSM,181.493
2026-05-15,TSM,183.717
2026-05-18,TSM,183.4398
2026-05-19,TSM,182.8828
2026-05-20,TSM,189.0097
2026-05-21,TSM,182.3612
2026-05-22,TSM,180.2705
2026-05-25,TSM,192.5632
2026-05-26,TSM,185.1678
2026-05-27,TSM,183.3452
2026-05-28,TSM,185.6145
2026-05-29,TSM,183.847
2026-06-01,TSM,177.5624
2026-06-02,TSM,187.2113
2026-06-03,TSM,193.5651
2026-06-04,TSM,193.1744
2026-06-05,TSM,191.6204
2026-06-08,TSM,188.9659
2026-06-09,TSM,199.8648
2026-06-10,TSM,202.8046
2026-06-11,TSM,204.1507
2026-06-12,TSM,200.4296
2026-06-15,TSM,202.5989
2026-06-16,TSM,208.581
2026-06-17,TSM,210.0397
2026-06-18,TSM,209.3194
2026-06-19,TSM,214.3324
